{
  "type": "FeatureCollection",
  "features": [
    {
      "type": "Feature",
      "properties": {
        "name": "Capital Sector",
        "short": "YMME_ML_CTR",
        "type": "CTR",
        "level": "Lower",
        "fir": "YMMM",
        "logon": "YMME_ML_CTR",
        "frequency": "123.800",
        "rating": "AS3+ / ADC",
        "cpdlc": "YMEM",
        "lower": "FL180",
        "upper": "FL245"
      },
      "geometry": {
        "type": "Polygon",
        "coordinates": [
          [
            [150.64417, -40.56722],
            [150.38667, -38.0],
            [150.75083, -36.94528],
            [150.75083, -36.94528],
            [150.79401, -36.9417],
            [150.83711, -36.93766],
            [150.88012, -36.933],
            [150.92301, -36.92773],
            [150.96578, -36.92184],
            [151.0084, -36.91534],
            [151.05087, -36.90823],
            [151.09317, -36.90052],
            [151.13529, -36.8922],
            [151.17722, -36.88328],
            [151.21893, -36.87376],
            [151.26042, -36.86364],
            [151.30167, -36.85293],
            [151.34268, -36.84164],
            [151.38342, -36.82975],
            [151.42388, -36.81729],
            [151.46406, -36.80425],
            [151.50393, -36.79063],
            [151.54349, -36.77645],
            [151.58272, -36.7617],
            [151.62161, -36.7464],
            [151.66015, -36.73054],
            [151.69832, -36.71413],
            [151.73612, -36.69717],
            [151.77353, -36.67968],
            [151.81053, -36.66165],
            [151.84713, -36.6431],
            [151.8833, -36.62403],
            [151.91904, -36.60444],
            [151.95433, -36.58434],
            [151.98916, -36.56374],
            [152.02353, -36.54265],
            [152.05742, -36.52106],
            [152.09081, -36.499],
            [152.12371, -36.47646],
            [152.1561, -36.45345],
            [152.18797, -36.42998],
            [152.21931, -36.40606],
            [152.25011, -36.3817],
            [152.28037, -36.35689],
            [152.31007, -36.33166],
            [152.3392, -36.30601],
            [152.36775, -36.27994],
            [152.39573, -36.25347],
            [152.42311, -36.22661],
            [152.44989, -36.19935],
            [152.47607, -36.17172],
            [152.50163, -36.14372],
            [152.52657, -36.11535],
            [152.55088, -36.08663],
            [152.57455, -36.05757],
            [152.59758, -36.02817],
            [152.61996, -35.99845],
            [152.64168, -35.96841],
            [152.66274, -35.93807],
            [152.68313, -35.90743],
            [152.70285, -35.8765],
            [152.7219, -35.8453],
            [152.74025, -35.81382],
            [152.75792, -35.78209],
            [152.77489, -35.75011],
            [152.79117, -35.7179],
            [152.80674, -35.68545],
            [152.82161, -35.65279],
            [152.83577, -35.61992],
            [152.84921, -35.58685],
            [152.86194, -35.55359],
            [152.87395, -35.52016],
            [152.88523, -35.48656],
            [152.89579, -35.4528],
            [152.90563, -35.4189],
            [152.91473, -35.38486],
            [152.9231, -35.35069],
            [152.93056, -35.31639],
            [152.93056, -35.31639],
            [152.93056, -35.31639],
            [152.19389, -34.7575],
            [152.19389, -34.7575],
            [152.21082, -34.74278],
            [152.22738, -34.72778],
            [152.24362, -34.71254],
            [152.25953, -34.69706],
            [152.2751, -34.68136],
            [152.29034, -34.66543],
            [152.30523, -34.64929],
            [152.31978, -34.63293],
            [152.33397, -34.61637],
            [152.34781, -34.5996],
            [152.36129, -34.58264],
            [152.3744, -34.56548],
            [152.38715, -34.54814],
            [152.39953, -34.53061],
            [152.41153, -34.51291],
            [152.42315, -34.49503],
            [152.43439, -34.47699],
            [152.44525, -34.45879],
            [152.45572, -34.44044],
            [152.46579, -34.42194],
            [152.47548, -34.40329],
            [152.48477, -34.38451],
            [152.49365, -34.36559],
            [152.49365, -34.36559],
            [152.50214, -34.34655],
            [152.51022, -34.32739],
            [152.5179, -34.30812],
            [152.52517, -34.28873],
            [152.53203, -34.26925],
            [152.53848, -34.24967],
            [152.54451, -34.22999],
            [152.55013, -34.21024],
            [152.55534, -34.1904],
            [152.56012, -34.1705],
            [152.56449, -34.15052],
            [152.56844, -34.13049],
            [152.57196, -34.1104],
            [152.57507, -34.09026],
            [152.57775, -34.07009],
            [152.58001, -34.04987],
            [152.58185, -34.02963],
            [152.58326, -34.00936],
            [152.58425, -33.98908],
            [152.58482, -33.96878],
            [152.58496, -33.94848],
            [152.58468, -33.92818],
            [152.58398, -33.90789],
            [152.58285, -33.88761],
            [152.58131, -33.86735],
            [152.57934, -33.84711],
            [152.57695, -33.82691],
            [152.57415, -33.80674],
            [152.57092, -33.78662],
            [152.56728, -33.76655],
            [152.56323, -33.74653],
            [152.55876, -33.72657],
            [152.55388, -33.70669],
            [152.54859, -33.68687],
            [152.54289, -33.66714],
            [152.53678, -33.64749],
            [152.53027, -33.62793],
            [152.52336, -33.60847],
            [152.51605, -33.58911],
            [152.50834, -33.56986],
            [152.50024, -33.55072],
            [152.49174, -33.53171],
            [152.48286, -33.51282],
            [152.47359, -33.49406],
            [152.46393, -33.47544],
            [152.4539, -33.45696],
            [152.44349, -33.43863],
            [152.4327, -33.42045],
            [152.42155, -33.40243],
            [152.41002, -33.38458],
            [152.39814, -33.36689],
            [152.38589, -33.34938],
            [152.37329, -33.33205],
            [152.36034, -33.3149],
            [152.34704, -33.29795],
            [152.34704, -33.29795],
            [152.33339, -33.28119],
            [152.31941, -33.26462],
            [152.30509, -33.24827],
            [152.29045, -33.23212],
            [152.27547, -33.21619],
            [152.26018, -33.20048],
            [152.24456, -33.18499],
            [152.22864, -33.16972],
            [152.21241, -33.1547],
            [152.19587, -33.1399],
            [152.17904, -33.12535],
            [152.16192, -33.11105],
            [152.1445, -33.097],
            [152.12681, -33.0832],
            [152.10884, -33.06965],
            [152.0906, -33.05637],
            [152.0721, -33.04336],
            [152.05333, -33.03062],
            [152.03431, -33.01815],
            [152.01504, -33.00595],
            [151.99552, -32.99404],
            [151.97577, -32.98241],
            [151.95579, -32.97107],
            [151.93558, -32.96002],
            [151.91516, -32.94927],
            [151.89452, -32.93881],
            [151.87367, -32.92865],
            [151.85262, -32.9188],
            [151.83137, -32.90925],
            [151.80994, -32.90001],
            [151.78832, -32.89108],
            [151.76653, -32.88247],
            [151.74457, -32.87417],
            [151.72244, -32.86619],
            [151.70016, -32.85854],
            [151.67773, -32.85121],
            [151.65515, -32.8442],
            [151.63243, -32.83752],
            [151.60959, -32.83117],
            [151.58662, -32.82516],
            [151.56353, -32.81947],
            [151.54033, -32.81412],
            [151.51703, -32.80911],
            [151.49363, -32.80444],
            [151.47015, -32.8001],
            [151.44657, -32.79611],
            [151.42293, -32.79246],
            [151.39921, -32.78915],
            [151.37543, -32.78619],
            [151.35159, -32.78357],
            [151.3277, -32.78129],
            [151.30378, -32.77937],
            [151.27981, -32.77778],
            [151.25582, -32.77655],
            [151.23181, -32.77567],
            [151.20778, -32.77513],
            [151.18375, -32.77494],
            [151.15971, -32.77509],
            [151.13568, -32.7756],
            [151.11167, -32.77639],
            [151.11167, -32.77639],
            [151.08194, -32.61056],
            [151.08194, -32.61056],
            [151.08194, -32.61056],
            [151.05517, -32.61218],
            [151.02843, -32.61418],
            [151.00174, -32.61655],
            [150.97509, -32.61931],
            [150.9485, -32.62244],
            [150.92198, -32.62594],
            [150.89552, -32.62983],
            [150.86915, -32.63408],
            [150.84287, -32.63871],
            [150.81667, -32.64372],
            [150.79058, -32.64909],
            [150.7646, -32.65483],
            [150.73873, -32.66094],
            [150.71299, -32.66741],
            [150.68738, -32.67425],
            [150.6619, -32.68146],
            [150.63657, -32.68902],
            [150.61139, -32.69694],
            [150.61139, -32.69694],
            [150.65972, -32.86028],
            [150.65972, -32.86028],
            [150.63742, -32.86806],
            [150.61526, -32.87614],
            [150.59327, -32.88454],
            [150.57145, -32.89326],
            [150.54981, -32.9023],
            [150.52836, -32.91164],
            [150.5071, -32.9213],
            [150.48603, -32.93127],
            [150.46517, -32.94154],
            [150.44452, -32.95211],
            [150.42409, -32.96298],
            [150.40388, -32.97414],
            [150.3839, -32.9856],
            [150.36415, -32.99735],
            [150.34465, -33.00938],
            [150.32539, -33.02169],
            [150.30638, -33.03428],
            [150.28763, -33.04714],
            [150.26914, -33.06028],
            [150.25092, -33.07368],
            [150.23298, -33.08734],
            [150.21532, -33.10126],
            [150.19794, -33.11544],
            [150.18085, -33.12987],
            [150.16408, -33.14456],
            [150.16408, -33.14456],
            [149.49806, -32.62556],
            [148.83083, -32.09444],
            [147.98222, -30.97944],
            [147.98222, -30.97944],
            [146.77806, -29.34083],
            [146.53333, -29.0],
            [144.41667, -29.0],
            [143.5, -29.0],
            [141.62972, -28.0225],
            [141.62972, -28.0225],
            [141.62972, -28.0225],
            [140.50222, -27.41222],
            [138.38972, -26.22528],
            [138.0, -28.0],
            [138.0, -28.0],
            [138.0, -28.0],
            [139.5, -28.66667],
            [140.0, -30.0],
            [139.88222, -30.5],
            [139.88222, -30.5],
            [139.44861, -32.30139],
            [139.44861, -32.30139],
            [139.44861, -32.30139],
            [139.80889, -32.86917],
            [139.80889, -32.86917],
            [139.85101, -32.88753],
            [139.89275, -32.90653],
            [139.93411, -32.92611],
            [139.97509, -32.94627],
            [140.01568, -32.96701],
            [140.05585, -32.98832],
            [140.09561, -33.01019],
            [140.13494, -33.03261],
            [140.17382, -33.05559],
            [140.21226, -33.07911],
            [140.25023, -33.10318],
            [140.28773, -33.12777],
            [140.32474, -33.15289],
            [140.36126, -33.17852],
            [140.39727, -33.20467],
            [140.43277, -33.23132],
            [140.46774, -33.25847],
            [140.0275, -33.83611],
            [140.05069, -33.85759],
            [140.07328, -33.87952],
            [140.09542, -33.90177],
            [140.11711, -33.92433],
            [140.13834, -33.9472],
            [140.1591, -33.97037],
            [140.17939, -33.99382],
            [140.1992, -34.01757],
            [140.21852, -34.04159],
            [140.23735, -34.06589],
            [140.25569, -34.09045],
            [140.27352, -34.11527],
            [140.29084, -34.14034],
            [140.30765, -34.16565],
            [140.32393, -34.19119],
            [140.3397, -34.21697],
            [140.35493, -34.24297],
            [140.36962, -34.26918],
            [140.38378, -34.29559],
            [140.3974, -34.32221],
            [140.41046, -34.34901],
            [140.42297, -34.37599],
            [140.43492, -34.40315],
            [140.44632, -34.43048],
            [140.45714, -34.45796],
            [140.4674, -34.4856],
            [140.47709, -34.51338],
            [140.48619, -34.54129],
            [140.49472, -34.56932],
            [140.50267, -34.59748],
            [140.51003, -34.62574],
            [140.51681, -34.6541],
            [140.52299, -34.68256],
            [140.52858, -34.71109],
            [140.53357, -34.73971],
            [140.53797, -34.76839],
            [140.54176, -34.79713],
            [140.54496, -34.82592],
            [140.54755, -34.85475],
            [140.54954, -34.88361],
            [140.55092, -34.9125],
            [140.5517, -34.9414],
            [140.55187, -34.97031],
            [140.55143, -34.99921],
            [140.55038, -35.02811],
            [140.54872, -35.05698],
            [140.54645, -35.08583],
            [140.54358, -35.11464],
            [140.5401, -35.14341],
            [140.536, -35.17212],
            [140.5313, -35.20077],
            [140.52599, -35.22934],
            [140.52008, -35.25784],
            [140.51356, -35.28625],
            [140.50644, -35.31456],
            [140.49872, -35.34277],
            [140.49039, -35.37086],
            [140.48147, -35.39882],
            [140.47195, -35.42666],
            [140.46184, -35.45436],
            [140.45113, -35.4819],
            [140.43984, -35.50929],
            [140.42796, -35.53652],
            [140.41549, -35.56357],
            [140.40245, -35.59044],
            [140.38883, -35.61712],
            [140.37464, -35.6436],
            [140.35988, -35.66988],
            [140.34455, -35.69594],
            [140.32867, -35.72177],
            [140.31222, -35.74738],
            [140.29523, -35.77275],
            [140.27768, -35.79787],
            [140.2596, -35.82274],
            [140.24098, -35.84735],
            [140.22182, -35.87169],
            [140.20214, -35.89575],
            [140.18194, -35.91952],
            [140.16122, -35.94301],
            [140.13972, -35.96619],
            [140.11827, -35.98907],
            [140.09604, -36.01164],
            [140.07332, -36.03389],
            [140.05012, -36.0558],
            [140.02645, -36.07739],
            [140.0023, -36.09863],
            [139.97769, -36.11953],
            [139.95263, -36.14007],
            [139.92712, -36.16025],
            [139.90116, -36.18006],
            [139.87478, -36.1995],
            [139.84797, -36.21857],
            [139.82075, -36.23724],
            [139.79312, -36.25553],
            [139.76508, -36.27342],
            [139.73666, -36.2909],
            [139.70786, -36.30798],
            [139.67868, -36.32465],
            [139.64914, -36.34089],
            [139.61924, -36.35672],
            [139.58899, -36.37211],
            [139.55841, -36.38707],
            [139.52751, -36.40159],
            [139.49639, -36.41583],
            [139.66667, -36.66667],
            [139.66667, -38.90111],
            [141.0, -38.90111],
            [141.0, -38.90111],
            [141.0, -38.90111],
            [141.0, -38.90111],
            [141.0, -38.90111],
            [143.4275, -38.90111],
            [143.4275, -38.90111],
            [143.45467, -38.92026],
            [143.48234, -38.93896],
            [143.51043, -38.95729],
            [143.53893, -38.97524],
            [143.56784, -38.99279],
            [143.59714, -39.00995],
            [143.62683, -39.02671],
            [143.65689, -39.04305],
            [143.68733, -39.05899],
            [143.71812, -39.07451],
            [143.74926, -39.08961],
            [143.78075, -39.10428],
            [143.81256, -39.11852],
            [143.8447, -39.13233],
            [143.87714, -39.14569],
            [143.90989, -39.15861],
            [143.94293, -39.17109],
            [143.97625, -39.18311],
            [144.00984, -39.19467],
            [144.04369, -39.20578],
            [144.07779, -39.21642],
            [144.11213, -39.2266],
            [144.1467, -39.23631],
            [144.18148, -39.24555],
            [144.21648, -39.25431],
            [144.25167, -39.26259],
            [144.28704, -39.27039],
            [144.32259, -39.27771],
            [144.35831, -39.28455],
            [144.39417, -39.29089],
            [144.43018, -39.29675],
            [144.46631, -39.30212],
            [144.50256, -39.30699],
            [144.53892, -39.31137],
            [144.57538, -39.31525],
            [144.61192, -39.31863],
            [144.64853, -39.32152],
            [144.6852, -39.32391],
            [144.72192, -39.3258],
            [144.75868, -39.32719],
            [144.79547, -39.32807],
            [144.83227, -39.32846],
            [144.86908, -39.32835],
            [144.90587, -39.32773],
            [144.94265, -39.32661],
            [144.97939, -39.32499],
            [145.01609, -39.32288],
            [145.05274, -39.32026],
            [145.08932, -39.31714],
            [145.12583, -39.31361],
            [145.12583, -39.31361],
            [145.12583, -39.31361],
            [145.1628, -39.30938],
            [145.19968, -39.30469],
            [145.23643, -39.29949],
            [145.27306, -39.29379],
            [145.30955, -39.28758],
            [145.34589, -39.28086],
            [145.38207, -39.27365],
            [145.41807, -39.26593],
            [145.45388, -39.25772],
            [145.4895, -39.24901],
            [145.52491, -39.23981],
            [145.56009, -39.23013],
            [145.59505, -39.21996],
            [145.62976, -39.20931],
            [145.66422, -39.19818],
            [145.69841, -39.18657],
            [145.73232, -39.17449],
            [145.76595, -39.16195],
            [145.79929, -39.14894],
            [145.83231, -39.13548],
            [145.86501, -39.12156],
            [145.89739, -39.10719],
            [145.92943, -39.09237],
            [145.96111, -39.07712],
            [145.99244, -39.06142],
            [146.0234, -39.0453],
            [146.05398, -39.02875],
            [146.08418, -39.01178],
            [146.11397, -38.9944],
            [146.14336, -38.97661],
            [146.17234, -38.95841],
            [146.20088, -38.93982],
            [146.229, -38.92083],
            [146.25667, -38.90146],
            [146.28389, -38.88171],
            [146.31066, -38.86159],
            [146.33695, -38.84109],
            [146.36278, -38.82024],
            [146.38811, -38.79904],
            [146.41296, -38.77748],
            [146.43731, -38.75559],
            [146.46111, -38.73333],
            [146.46111, -38.73333],
            [146.47498, -38.74264],
            [146.48912, -38.75168],
            [146.50347, -38.76053],
            [146.51802, -38.76918],
            [146.53275, -38.77763],
            [146.54767, -38.78588],
            [146.56277, -38.79393],
            [146.57805, -38.80178],
            [146.59351, -38.80941],
            [146.60913, -38.81684],
            [146.62491, -38.82405],
            [146.64085, -38.83105],
            [146.65695, -38.83783],
            [146.6732, -38.84439],
            [146.68959, -38.85073],
            [146.70612, -38.85684],
            [146.72278, -38.86274],
            [146.73958, -38.8684],
            [146.7565, -38.87384],
            [146.77354, -38.87905],
            [146.79069, -38.88402],
            [146.80795, -38.88877],
            [146.82531, -38.89327],
            [146.84278, -38.89755],
            [146.86033, -38.90158],
            [146.87798, -38.90538],
            [146.8957, -38.90894],
            [146.91351, -38.91225],
            [146.93138, -38.91533],
            [146.94932, -38.91816],
            [146.96733, -38.92075],
            [146.98538, -38.92309],
            [147.00349, -38.92519],
            [147.02164, -38.92705],
            [147.03983, -38.92865],
            [147.05806, -38.93002],
            [147.07631, -38.93113],
            [147.09458, -38.932],
            [147.11288, -38.93262],
            [147.13118, -38.93299],
            [147.14949, -38.93311],
            [147.16779, -38.93299],
            [147.1861, -38.93261],
            [147.20439, -38.93199],
            [147.22266, -38.93113],
            [147.24091, -38.93001],
            [147.25914, -38.92865],
            [147.27733, -38.92704],
            [147.29548, -38.92518],
            [147.31359, -38.92308],
            [147.33167, -38.92083],
            [147.33167, -38.92083],
            [147.74111, -39.63],
            [147.74111, -39.63],
            [147.7616, -39.62388],
            [147.77216, -39.62086],
            [147.78278, -39.61798],
            [147.79347, -39.61524],
            [147.80421, -39.61265],
            [147.81501, -39.61021],
            [147.82586, -39.6079],
            [147.83676, -39.60574],
            [147.84771, -39.60373],
            [147.8587, -39.60187],
            [147.86973, -39.60015],
            [147.8808, -39.59858],
            [147.8919, -39.59716],
            [147.90303, -39.59588],
            [147.91419, -39.59476],
            [147.92537, -39.59378],
            [147.93657, -39.59296],
            [147.94779, -39.59228],
            [147.95902, -39.59175],
            [147.97026, -39.59138],
            [147.9815, -39.59115],
            [147.99275, -39.59108],
            [148.004, -39.59115],
            [148.01525, -39.59138],
            [148.02649, -39.59175],
            [148.03772, -39.59228],
            [148.04894, -39.59295],
            [148.06014, -39.59378],
            [148.07132, -39.59475],
            [148.08247, -39.59588],
            [148.0936, -39.59715],
            [148.1047, -39.59857],
            [148.11577, -39.60014],
            [148.1268, -39.60186],
            [148.13779, -39.60372],
            [148.14874, -39.60574],
            [148.15964, -39.60789],
            [148.1705, -39.61019],
            [148.1813, -39.61264],
            [148.19204, -39.61523],
            [148.20273, -39.61797],
            [148.21335, -39.62084],
            [148.22391, -39.62386],
            [148.23439, -39.62702],
            [148.24481, -39.63032],
            [148.25515, -39.63376],
            [148.26542, -39.63733],
            [148.2756, -39.64104],
            [148.2857, -39.64489],
            [148.29571, -39.64887],
            [148.30564, -39.65299],
            [148.31547, -39.65723],
            [148.3252, -39.66161],
            [148.33484, -39.66612],
            [148.34437, -39.67075],
            [148.3538, -39.67551],
            [148.36312, -39.6804],
            [148.37233, -39.68541],
            [148.38143, -39.69054],
            [148.39041, -39.6958],
            [148.39928, -39.70117],
            [148.40802, -39.70666],
            [148.41664, -39.71227],
            [148.42514, -39.71799],
            [148.4335, -39.72382],
            [148.44174, -39.72976],
            [148.44984, -39.73582],
            [148.4578, -39.74198],
            [148.46563, -39.74825],
            [148.47331, -39.75462],
            [148.48085, -39.76109],
            [148.48825, -39.76766],
            [148.4955, -39.77433],
            [148.5026, -39.78109],
            [148.50954, -39.78795],
            [148.51633, -39.7949],
            [148.52297, -39.80194],
            [148.52944, -39.80907],
            [148.53576, -39.81629],
            [148.54191, -39.82358],
            [148.5479, -39.83096],
            [148.55373, -39.83842],
            [148.55938, -39.84595],
            [148.56487, -39.85356],
            [148.57018, -39.86124],
            [148.57532, -39.86899],
            [148.58029, -39.87681],
            [148.58508, -39.88469],
            [148.58969, -39.89264],
            [148.59413, -39.90064],
            [148.59838, -39.90871],
            [148.60245, -39.91683],
            [148.60634, -39.92472],
            [148.61005, -39.93322],
            [148.61356, -39.94149],
            [148.6169, -39.94981],
            [148.62004, -39.95817],
            [148.623, -39.96657],
            [148.62576, -39.97501],
            [148.62834, -39.98349],
            [148.63072, -39.992],
            [148.63278, -40.00056],
            [148.63278, -40.00056],
            [150.64417, -40.56722],
            [150.64417, -40.56722],
            [150.64417, -40.56722]
          ]
        ]
      }
    },
    {
      "type": "Feature",
      "properties": {
        "name": "Tasmania Sector",
        "type": "CTR",
        "level": "Lower",
        "fir": "YMMM",
        "logon": "YMME_HB_CTR",
        "frequency": "124.300",
        "rating": "AS3+ / ADC",
        "cpdlc": "YMEH",
        "lower": "FL180",
        "upper": "FL245"
      },
      "geometry": {
        "type": "Polygon",
        "coordinates": [
          [
            [150.66472, -43.85083],
            [151.00000, -43.00000],
            [150.92472, -42.50000],
            [150.64417, -40.56722],
            [148.64944, -40.00056],
            [148.63072, -39.99199],
            [148.62833, -39.98348],
            [148.62576, -39.97501],
            [148.62300, -39.96657],
            [148.62004, -39.95817],
            [148.61690, -39.94981],
            [148.61356, -39.94149],
            [148.61005, -39.93322],
            [148.60634, -39.92472],
            [148.60245, -39.91683],
            [148.59838, -39.90871],
            [148.59413, -39.90064],
            [148.58969, -39.89264],
            [148.58508, -39.88469],
            [148.58029, -39.87681],
            [148.57532, -39.86899],
            [148.57018, -39.86124],
            [148.56487, -39.85356],
            [148.55938, -39.84595],
            [148.55373, -39.83842],
            [148.54790, -39.83096],
            [148.54191, -39.82358],
            [148.53576, -39.81629],
            [148.52944, -39.80907],
            [148.52297, -39.80194],
            [148.51633, -39.79490],
            [148.50954, -39.78795],
            [148.50260, -39.78109],
            [148.49550, -39.77433],
            [148.48825, -39.76766],
            [148.48085, -39.76109],
            [148.47331, -39.75462],
            [148.46563, -39.74825],
            [148.44984, -39.73582],
            [148.44174, -39.72976],
            [148.43350, -39.72382],
            [148.42514, -39.71799],
            [148.41664, -39.71227],
            [148.40802, -39.70666],
            [148.39928, -39.70117],
            [148.39041, -39.69580],
            [148.38143, -39.69054],
            [148.37233, -39.68541],
            [148.36312, -39.68040],
            [148.35380, -39.67551],
            [148.34437, -39.67075],
            [148.33484, -39.66612],
            [148.32520, -39.66161],
            [148.31547, -39.65723],
            [148.30564, -39.65299],
            [148.29571, -39.64887],
            [148.28570, -39.64489],
            [148.27560, -39.64104],
            [148.26542, -39.63733],
            [148.25515, -39.63376],
            [148.24481, -39.63032],
            [148.23439, -39.62702],
            [148.22391, -39.62386],
            [148.21335, -39.62084],
            [148.20273, -39.61797],
            [148.19204, -39.61523],
            [148.18130, -39.61264],
            [148.17050, -39.61019],
            [148.15964, -39.60789],
            [148.14874, -39.60574],
            [148.13779, -39.60372],
            [148.12680, -39.60186],
            [148.11577, -39.60014],
            [148.10470, -39.59857],
            [148.09360, -39.59715],
            [148.08247, -39.59588],
            [148.07132, -39.59475],
            [148.06014, -39.59378],
            [148.04894, -39.59295],
            [148.03772, -39.59228],
            [148.02649, -39.59175],
            [148.01525, -39.59138],
            [148.00400, -39.59115],
            [147.99275, -39.59108],
            [147.98150, -39.59115],
            [147.97026, -39.59138],
            [147.95902, -39.59175],
            [147.94779, -39.59228],
            [147.93657, -39.59296],
            [147.92537, -39.59378],
            [147.91419, -39.59476],
            [147.90303, -39.59588],
            [147.89190, -39.59716],
            [147.88080, -39.59858],
            [147.86973, -39.60015],
            [147.85870, -39.60187],
            [147.84771, -39.60373],
            [147.83676, -39.60574],
            [147.82586, -39.60790],
            [147.81501, -39.61021],
            [147.80421, -39.61265],
            [147.79347, -39.61524],
            [147.78278, -39.61798],
            [147.77216, -39.62086],
            [147.76160, -39.62388],
            [147.74099, -39.63000],
            [147.33167, -38.92083],
            [147.31359, -38.92308],
            [147.29548, -38.92518],
            [147.27733, -38.92704],
            [147.25914, -38.92865],
            [147.24091, -38.93001],
            [147.22266, -38.93113],
            [147.20439, -38.93199],
            [147.18610, -38.93261],
            [147.16779, -38.93299],
            [147.14949, -38.93311],
            [147.13118, -38.93299],
            [147.11288, -38.93262],
            [147.09458, -38.93200],
            [147.07631, -38.93113],
            [147.05806, -38.93002],
            [147.03983, -38.92865],
            [147.02164, -38.92705],
            [147.00349, -38.92519],
            [146.98538, -38.92309],
            [146.96733, -38.92075],
            [146.94932, -38.91816],
            [146.93138, -38.91533],
            [146.91351, -38.91225],
            [146.89570, -38.90894],
            [146.87798, -38.90538],
            [146.86033, -38.90158],
            [146.84278, -38.89755],
            [146.82531, -38.89327],
            [146.80795, -38.88877],
            [146.79069, -38.88402],
            [146.77354, -38.87905],
            [146.75650, -38.87384],
            [146.73958, -38.86840],
            [146.72278, -38.86274],
            [146.70612, -38.85684],
            [146.68959, -38.85073],
            [146.67320, -38.84439],
            [146.65695, -38.83783],
            [146.64085, -38.83105],
            [146.62491, -38.82405],
            [146.60913, -38.81684],
            [146.59351, -38.80941],
            [146.57805, -38.80178],
            [146.56277, -38.79393],
            [146.54767, -38.78588],
            [146.53275, -38.77763],
            [146.51802, -38.76918],
            [146.50347, -38.76053],
            [146.48912, -38.75168],
            [146.47498, -38.74264],
            [146.46111, -38.73333],
            [146.43731, -38.75559],
            [146.41296, -38.77748],
            [146.38811, -38.79904],
            [146.36278, -38.82024],
            [146.33695, -38.84109],
            [146.31066, -38.86159],
            [146.28389, -38.88171],
            [146.25667, -38.90146],
            [146.22899, -38.92083],
            [146.20088, -38.93982],
            [146.17234, -38.95841],
            [146.14336, -38.97661],
            [146.11397, -38.99440],
            [146.08418, -39.01178],
            [146.05398, -39.02875],
            [146.02340, -39.04530],
            [145.99244, -39.06142],
            [145.96111, -39.07712],
            [145.92943, -39.09237],
            [145.89739, -39.10719],
            [145.86501, -39.12156],
            [145.83231, -39.13548],
            [145.79929, -39.14894],
            [145.76595, -39.16195],
            [145.73232, -39.17449],
            [145.69841, -39.18657],
            [145.66422, -39.19818],
            [145.62976, -39.20931],
            [145.59505, -39.21996],
            [145.56009, -39.23013],
            [145.52491, -39.23981],
            [145.48950, -39.24901],
            [145.45388, -39.25772],
            [145.41807, -39.26593],
            [145.38207, -39.27365],
            [145.34589, -39.28086],
            [145.30955, -39.28758],
            [145.27306, -39.29379],
            [145.23643, -39.29949],
            [145.19968, -39.30469],
            [145.16280, -39.30938],
            [145.12583, -39.31361],
            [145.08932, -39.31714],
            [145.05274, -39.32026],
            [145.01609, -39.32288],
            [144.97939, -39.32499],
            [144.94265, -39.32661],
            [144.90587, -39.32773],
            [144.86908, -39.32835],
            [144.83227, -39.32846],
            [144.79547, -39.32807],
            [144.75868, -39.32719],
            [144.72192, -39.32580],
            [144.68520, -39.32391],
            [144.64853, -39.32152],
            [144.61192, -39.31863],
            [144.57538, -39.31525],
            [144.53892, -39.31137],
            [144.50256, -39.30699],
            [144.46631, -39.30212],
            [144.43018, -39.29675],
            [144.39417, -39.29089],
            [144.35831, -39.28455],
            [144.32259, -39.27771],
            [144.28704, -39.27039],
            [144.25167, -39.26259],
            [144.21648, -39.25431],
            [144.18148, -39.24555],
            [144.14670, -39.23631],
            [144.11213, -39.22660],
            [144.07779, -39.21642],
            [144.04369, -39.20578],
            [144.00984, -39.19467],
            [143.97625, -39.18311],
            [143.94293, -39.17109],
            [143.90989, -39.15861],
            [143.87714, -39.14569],
            [143.84470, -39.13233],
            [143.81256, -39.11852],
            [143.78075, -39.10428],
            [143.74926, -39.08961],
            [143.71812, -39.07451],
            [143.68733, -39.05899],
            [143.65689, -39.04305],
            [143.62683, -39.02671],
            [143.59714, -39.00995],
            [143.56784, -38.99279],
            [143.53893, -38.97524],
            [143.51043, -38.95729],
            [143.48234, -38.93896],
            [143.45467, -38.92026],
            [143.42750, -38.90111],
            [141.00000, -38.90111],
            [141.00000, -40.50000],
            [141.00000, -41.29972],
            [141.00000, -42.35000],
            [142.48056, -42.79889],
            [145.86333, -43.72972],
            [147.52667, -43.64417],
            [149.35833, -43.52083],
            [150.66472, -43.85083]
          ]
        ]
      }
    },
    {
      "type": "Feature",
      "properties": {
        "name": "Lake Torrens Sector",
        "short": "YMME_AD_CTR",
        "type": "CTR",
        "level": "Lower",
        "fir": "YMMM",
        "logon": "YMME_AD_CTR",
        "frequency": "128.800",
        "rating": "AS3+ / ADC",
        "cpdlc": "YMEA",
        "lower": "FL180",
        "upper": "FL245"
      },
      "geometry": {
        "type": "Polygon",
        "coordinates": [
          [
            [141.00000, -42.35000],
            [141.00000, -41.29972],
            [141.00000, -40.50000],
            [141.00000, -38.90111],
            [143.42750, -38.90111],
            [143.40024, -38.88134],
            [143.37345, -38.86118],
            [143.34713, -38.84066],
            [143.32129, -38.81978],
            [143.29593, -38.79854],
            [143.27106, -38.77696],
            [143.24669, -38.75503],
            [143.22283, -38.73277],
            [143.19948, -38.71018],
            [143.17665, -38.68728],
            [143.15435, -38.66406],
            [143.13258, -38.64053],
            [143.11135, -38.61671],
            [143.09067, -38.59260],
            [143.07054, -38.56820],
            [143.05096, -38.54353],
            [143.03195, -38.51860],
            [143.01351, -38.49340],
            [142.99565, -38.46795],
            [142.97836, -38.44226],
            [142.96165, -38.41633],
            [142.94554, -38.39018],
            [142.93001, -38.36381],
            [142.91509, -38.33722],
            [142.90076, -38.31044],
            [142.88704, -38.28346],
            [142.87393, -38.25629],
            [142.86142, -38.22895],
            [142.84954, -38.20143],
            [142.83827, -38.17376],
            [142.82762, -38.14593],
            [142.81760, -38.11796],
            [142.80820, -38.08986],
            [142.79942, -38.06163],
            [142.79128, -38.03329],
            [142.78377, -38.00483],
            [142.77690, -37.97628],
            [142.77065, -37.94763],
            [142.76504, -37.91890],
            [142.76007, -37.89010],
            [142.75573, -37.86124],
            [142.75204, -37.83232],
            [142.74898, -37.80335],
            [142.74656, -37.77434],
            [142.74478, -37.74531],
            [142.74364, -37.71625],
            [142.74313, -37.68718],
            [142.74326, -37.65811],
            [142.74403, -37.62905],
            [142.74544, -37.60000],
            [142.74749, -37.57098],
            [142.75015, -37.54198],
            [142.75345, -37.51303],
            [142.75738, -37.48413],
            [142.76194, -37.45529],
            [142.76713, -37.42651],
            [142.77295, -37.39781],
            [142.77937, -37.36920],
            [142.78642, -37.34067],
            [142.79408, -37.31225],
            [142.80236, -37.28394],
            [142.81124, -37.25575],
            [142.82074, -37.22769],
            [142.83083, -37.19976],
            [142.84152, -37.17197],
            [142.85281, -37.14434],
            [142.86469, -37.11687],
            [142.87716, -37.08956],
            [142.89021, -37.06244],
            [142.90384, -37.03549],
            [142.91804, -37.00874],
            [142.93281, -36.98219],
            [142.94814, -36.95585],
            [142.96403, -36.92972],
            [142.98048, -36.90382],
            [142.99747, -36.87815],
            [143.01499, -36.85272],
            [143.03308, -36.82753],
            [143.05168, -36.80260],
            [143.07081, -36.77793],
            [143.09046, -36.75353],
            [143.11062, -36.72940],
            [143.13128, -36.70556],
            [143.15247, -36.68200],
            [143.17415, -36.65875],
            [143.19636, -36.63579],
            [143.21908, -36.61315],
            [143.24231, -36.59082],
            [143.26605, -36.56881],
            [143.29029, -36.54714],
            [143.31503, -36.52580],
            [143.34028, -36.50480],
            [143.36603, -36.48415],
            [143.39224, -36.46385],
            [143.41895, -36.44392],
            [143.44614, -36.42435],
            [143.47377, -36.40515],
            [143.50198, -36.38632],
            [143.53060, -36.36789],
            [143.55976, -36.34983],
            [143.58933, -36.33217],
            [143.61943, -36.31491],
            [143.64990, -36.29805],
            [143.68083, -36.28160],
            [143.71217, -36.26557],
            [143.74393, -36.24994],
            [143.77609, -36.23475],
            [143.80865, -36.21997],
            [143.84161, -36.20563],
            [143.87498, -36.19172],
            [143.90880, -36.17825],
            [143.94298, -36.16522],
            [143.97785, -36.15264],
            [144.01319, -36.14051],
            [144.04897, -36.12883],
            [144.08513, -36.11761],
            [144.12170, -36.10684],
            [144.15865, -36.09654],
            [144.19600, -36.08671],
            [144.23369, -36.07734],
            [144.27172, -36.06845],
            [144.31010, -36.06003],
            [144.34875, -36.05208],
            [144.38765, -36.04461],
            [144.42684, -36.03763],
            [144.46631, -36.03111],
            [143.43670, -35.08333],
            [143.51670, -33.00000],
            [143.51670, -31.79833],
            [142.81220, -31.00000],
            [142.68170, -29.89806],
            [143.26972, -29.25472],
            [143.50000, -29.00000],
            [141.62972, -28.02250],
            [140.50222, -27.41222],
            [138.38972, -26.22528],
            [137.83780, -25.01778],
            [136.43530, -26.12611],
            [132.97667, -25.88528],
            [131.61442, -28.16417],
            [130.31028, -28.39056],
            [129.00000, -28.60444],
            [129.00000, -33.00000],
            [128.00000, -33.54833],
            [128.00000, -34.11667],
            [128.00000, -34.64972],
            [128.00000, -35.16833],
            [128.00000, -35.75500],
            [130.00000, -37.17000],
            [130.00000, -38.25667],
            [130.00000, -39.09622],
            [141.00000, -42.35000]
          ]
        ]
      }
    },
    {
      "type": "Feature",
      "properties": {
        "name": "Melbourne East Sector",
        "short": "YMME_CTR",
        "type": "CTR",
        "level": "Upper",
        "fir": "YMMM",
        "logon": "YMME_CTR",
        "frequency": "125.000",
        "rating": "ADC+ / APC",
        "cpdlc": "YMME",
        "lower": "FL245",
        "upper": "FL660"
      },
      "geometry": {
        "type": "Polygon",
        "coordinates": [
          [
[150.664720, -43.850830],
[150.664720, -43.850830],
[150.664720, -43.850830],
[150.664720, -43.850830],
[151.000000, -43.000000],
[150.924720, -42.500000],
[150.644170, -40.567220],
[150.386670, -38.000000],
[150.750830, -36.945280],
[150.750830, -36.945280],
[150.794010, -36.941700],
[150.837110, -36.937660],
[150.880120, -36.933000],
[150.923010, -36.927730],
[150.965780, -36.921840],
[151.008400, -36.915340],
[151.050870, -36.908230],
[151.093170, -36.900520],
[151.135290, -36.892200],
[151.177220, -36.883280],
[151.218930, -36.873760],
[151.260420, -36.863640],
[151.301670, -36.852930],
[151.342680, -36.841640],
[151.383420, -36.829750],
[151.423880, -36.817290],
[151.464060, -36.804250],
[151.503930, -36.790630],
[151.543490, -36.776450],
[151.582720, -36.761700],
[151.621610, -36.746400],
[151.660150, -36.730540],
[151.698320, -36.714130],
[151.736120, -36.697170],
[151.773530, -36.679680],
[151.810530, -36.661650],
[151.847130, -36.643100],
[151.883300, -36.624030],
[151.919040, -36.604440],
[151.954330, -36.584340],
[151.989160, -36.563740],
[152.023530, -36.542650],
[152.057420, -36.521060],
[152.090810, -36.499000],
[152.123710, -36.476460],
[152.156100, -36.453450],
[152.187970, -36.429980],
[152.219310, -36.406060],
[152.250110, -36.381700],
[152.280370, -36.356890],
[152.310070, -36.331660],
[152.339200, -36.306010],
[152.367750, -36.279940],
[152.395730, -36.253470],
[152.423110, -36.226610],
[152.449890, -36.199350],
[152.476070, -36.171720],
[152.501630, -36.143720],
[152.526570, -36.115350],
[152.550880, -36.086630],
[152.574550, -36.057570],
[152.597580, -36.028170],
[152.619960, -35.998450],
[152.641680, -35.968410],
[152.662740, -35.938070],
[152.683130, -35.907430],
[152.702850, -35.876500],
[152.721900, -35.845300],
[152.740250, -35.813820],
[152.757920, -35.782090],
[152.774890, -35.750110],
[152.791170, -35.717900],
[152.806740, -35.685450],
[152.821610, -35.652790],
[152.835770, -35.619920],
[152.849210, -35.586850],
[152.861940, -35.553590],
[152.873950, -35.520160],
[152.885230, -35.486560],
[152.895790, -35.452800],
[152.905630, -35.418900],
[152.914730, -35.384860],
[152.923100, -35.350690],
[152.930560, -35.316390],
[152.930560, -35.316390],
[152.930560, -35.316390],
[152.193890, -34.757500],
[152.193890, -34.757500],
[152.210820, -34.742780],
[152.227380, -34.727780],
[152.243620, -34.712540],
[152.259530, -34.697060],
[152.275100, -34.681360],
[152.290340, -34.665430],
[152.305230, -34.649290],
[152.319780, -34.632930],
[152.333970, -34.616370],
[152.347810, -34.599600],
[152.361290, -34.582640],
[152.374400, -34.565480],
[152.387150, -34.548140],
[152.399530, -34.530610],
[152.411530, -34.512910],
[152.423150, -34.495030],
[152.434390, -34.476990],
[152.445250, -34.458790],
[152.455720, -34.440440],
[152.465790, -34.421940],
[152.475480, -34.403290],
[152.484770, -34.384510],
[152.493650, -34.365590],
[152.493650, -34.365590],
[152.502140, -34.346550],
[152.510220, -34.327390],
[152.517900, -34.308120],
[152.525170, -34.288730],
[152.532030, -34.269250],
[152.538480, -34.249670],
[152.544510, -34.229990],
[152.550130, -34.210240],
[152.555340, -34.190400],
[152.560120, -34.170500],
[152.564490, -34.150520],
[152.568440, -34.130490],
[152.571960, -34.110400],
[152.575070, -34.090260],
[152.577750, -34.070090],
[152.580010, -34.049870],
[152.581850, -34.029630],
[152.583260, -34.009360],
[152.584250, -33.989080],
[152.584820, -33.968780],
[152.584960, -33.948480],
[152.584680, -33.928180],
[152.583980, -33.907890],
[152.582850, -33.887610],
[152.581310, -33.867350],
[152.579340, -33.847110],
[152.576950, -33.826910],
[152.574150, -33.806740],
[152.570920, -33.786620],
[152.567280, -33.766550],
[152.563230, -33.746530],
[152.558760, -33.726570],
[152.553880, -33.706690],
[152.548590, -33.686870],
[152.542890, -33.667140],
[152.536780, -33.647490],
[152.530270, -33.627930],
[152.523360, -33.608470],
[152.516050, -33.589110],
[152.508340, -33.569860],
[152.500240, -33.550720],
[152.491740, -33.531710],
[152.482860, -33.512820],
[152.473590, -33.494060],
[152.463930, -33.475440],
[152.453900, -33.456960],
[152.443490, -33.438630],
[152.432700, -33.420450],
[152.421550, -33.402430],
[152.410020, -33.384580],
[152.398140, -33.366890],
[152.385890, -33.349380],
[152.373290, -33.332050],
[152.360340, -33.314900],
[152.347040, -33.297950],
[152.347040, -33.297950],
[152.333390, -33.281190],
[152.319410, -33.264620],
[152.305090, -33.248270],
[152.290450, -33.232120],
[152.275470, -33.216190],
[152.260180, -33.200480],
[152.244560, -33.184990],
[152.228640, -33.169720],
[152.212410, -33.154700],
[152.195870, -33.139900],
[152.179040, -33.125350],
[152.161920, -33.111050],
[152.144500, -33.097000],
[152.126810, -33.083200],
[152.108840, -33.069650],
[152.090600, -33.056370],
[152.072100, -33.043360],
[152.053330, -33.030620],
[152.034310, -33.018150],
[152.015040, -33.005950],
[151.995520, -32.994040],
[151.975770, -32.982410],
[151.955790, -32.971070],
[151.935580, -32.960020],
[151.915160, -32.949270],
[151.894520, -32.938810],
[151.873670, -32.928650],
[151.852620, -32.918800],
[151.831370, -32.909250],
[151.809940, -32.900010],
[151.788320, -32.891080],
[151.766530, -32.882470],
[151.744570, -32.874170],
[151.722440, -32.866190],
[151.700160, -32.858540],
[151.677730, -32.851210],
[151.655150, -32.844200],
[151.632430, -32.837520],
[151.609590, -32.831170],
[151.586620, -32.825160],
[151.563530, -32.819470],
[151.540330, -32.814120],
[151.517030, -32.809110],
[151.493630, -32.804440],
[151.470150, -32.800100],
[151.446570, -32.796110],
[151.422930, -32.792460],
[151.399210, -32.789150],
[151.375430, -32.786190],
[151.351590, -32.783570],
[151.327700, -32.781290],
[151.303780, -32.779370],
[151.279810, -32.777780],
[151.255820, -32.776550],
[151.231810, -32.775670],
[151.207780, -32.775130],
[151.183750, -32.774940],
[151.159710, -32.775090],
[151.135680, -32.775600],
[151.111670, -32.776390],
[151.111670, -32.776390],
[151.081940, -32.610560],
[151.081940, -32.610560],
[151.081940, -32.610560],
[151.055170, -32.612180],
[151.028430, -32.614180],
[151.001740, -32.616550],
[150.975090, -32.619310],
[150.948500, -32.622440],
[150.921980, -32.625940],
[150.895520, -32.629830],
[150.869150, -32.634080],
[150.842870, -32.638710],
[150.816670, -32.643720],
[150.790580, -32.649090],
[150.764600, -32.654830],
[150.738730, -32.660940],
[150.712990, -32.667410],
[150.687380, -32.674250],
[150.661900, -32.681460],
[150.636570, -32.689020],
[150.611390, -32.696940],
[150.611390, -32.696940],
[150.659720, -32.860280],
[150.659720, -32.860280],
[150.637420, -32.868060],
[150.615260, -32.876140],
[150.593270, -32.884540],
[150.571450, -32.893260],
[150.549810, -32.902300],
[150.528360, -32.911640],
[150.507100, -32.921300],
[150.486030, -32.931270],
[150.465170, -32.941540],
[150.444520, -32.952110],
[150.424090, -32.962980],
[150.403880, -32.974140],
[150.383900, -32.985600],
[150.364150, -32.997350],
[150.344650, -33.009380],
[150.325390, -33.021690],
[150.306380, -33.034280],
[150.287630, -33.047140],
[150.269140, -33.060280],
[150.250920, -33.073680],
[150.232980, -33.087340],
[150.215320, -33.101260],
[150.197940, -33.115440],
[150.180850, -33.129870],
[150.164080, -33.144560],
[150.164080, -33.144560],
[149.498060, -32.625560],
[148.830830, -32.094440],
[147.982220, -30.979440],
[147.982220, -30.979440],
[146.778060, -29.340830],
[146.533330, -29.000000],
[144.416670, -29.000000],
[143.500000, -29.000000],
[141.629720, -28.022500],
[141.629720, -28.022500],
[141.629720, -28.022500],
[140.502220, -27.412220],
[138.389720, -26.225280],
[138.389720, -26.225280],
[138.389720, -26.225280],
[137.837780, -25.017780],
[136.435280, -26.126110],
[132.976670, -25.885280],
[131.614440, -28.164170],
[131.614440, -28.164170],
[130.310280, -28.390560],
[130.310280, -28.390560],
[129.000000, -28.604440],
[129.000000, -33.000000],
[128.000000, -33.548330],
[128.000000, -34.116670],
[128.000000, -34.649720],
[128.000000, -35.168330],
[128.000000, -35.755000],
[130.000000, -37.170000],
[130.000000, -38.256670],
[130.000000, -39.096220],
[141.000000, -42.350000],
[141.000000, -42.350000],
[141.000000, -42.350000],
[142.480560, -42.798890],
[145.863330, -43.729720],
[147.526670, -43.644170],
[149.358330, -43.520830],
[150.664720, -43.850830],
[150.664720, -43.850830],
[150.664720, -43.850830]
          ]
        ]
      }
    },
    {
      "type": "Feature",
      "properties": {
        "name": "Southern Ocean Sector",
        "short": "YMEE_E_CTR",
        "type": "CTR",
        "level": "Upper",
        "fir": "YMMM",
        "logon": "YMEE_E_CTR",
        "frequency": "125.000",
        "rating": "ADC",
        "cpdlc": "YMEE",
        "lower": "FL245",
        "upper": "FL660"
      },
      "geometry": {
        "type": "Polygon",
        "coordinates": [
          [
            [150.664720, -43.850830],
            [150.664720, -43.850830],
            [150.664720, -43.850830],
            [150.664720, -43.850830],
            [151.000000, -43.000000],
            [150.924720, -42.500000],
            [150.644170, -40.567220],
            [150.386670, -38.000000],
            [150.750830, -36.945280],
            [150.750830, -36.945280],
            [150.794010, -36.941700],
            [150.837110, -36.937660],
            [150.880120, -36.933000],
            [150.923010, -36.927730],
            [150.965780, -36.921840],
            [151.008400, -36.915340],
            [151.050870, -36.908230],
            [151.093170, -36.900520],
            [151.135290, -36.892200],
            [151.177220, -36.883280],
            [151.218930, -36.873760],
            [151.260420, -36.863640],
            [151.301670, -36.852930],
            [151.342680, -36.841640],
            [151.383420, -36.829750],
            [151.423880, -36.817290],
            [151.464060, -36.804250],
            [151.503930, -36.790630],
            [151.543490, -36.776450],
            [151.582720, -36.761700],
            [151.621610, -36.746400],
            [151.660150, -36.730540],
            [151.698320, -36.714130],
            [151.736120, -36.697170],
            [151.773530, -36.679680],
            [151.810530, -36.661650],
            [151.847130, -36.643100],
            [151.883300, -36.624030],
            [151.919040, -36.604440],
            [151.954330, -36.584340],
            [151.989160, -36.563740],
            [152.023530, -36.542650],
            [152.057420, -36.521060],
            [152.090810, -36.499000],
            [152.123710, -36.476460],
            [152.156100, -36.453450],
            [152.187970, -36.429980],
            [152.219310, -36.406060],
            [152.250110, -36.381700],
            [152.280370, -36.356890],
            [152.310070, -36.331660],
            [152.339200, -36.306010],
            [152.367750, -36.279940],
            [152.395730, -36.253470],
            [152.423110, -36.226610],
            [152.449890, -36.199350],
            [152.476070, -36.171720],
            [152.501630, -36.143720],
            [152.526570, -36.115350],
            [152.550880, -36.086630],
            [152.574550, -36.057570],
            [152.597580, -36.028170],
            [152.619960, -35.998450],
            [152.641680, -35.968410],
            [152.662740, -35.938070],
            [152.683130, -35.907430],
            [152.702850, -35.876500],
            [152.721900, -35.845300],
            [152.740250, -35.813820],
            [152.757920, -35.782090],
            [152.774890, -35.750110],
            [152.791170, -35.717900],
            [152.806740, -35.685450],
            [152.821610, -35.652790],
            [152.835770, -35.619920],
            [152.849210, -35.586850],
            [152.861940, -35.553590],
            [152.873950, -35.520160],
            [152.885230, -35.486560],
            [152.895790, -35.452800],
            [152.905630, -35.418900],
            [152.914730, -35.384860],
            [152.923100, -35.350690],
            [152.930560, -35.316390],
            [152.930560, -35.316390],
            [152.930560, -35.316390],
            [152.193890, -34.757500],
            [152.193890, -34.757500],
            [152.210820, -34.742780],
            [152.227380, -34.727780],
            [152.243620, -34.712540],
            [152.259530, -34.697060],
            [152.275100, -34.681360],
            [152.290340, -34.665430],
            [152.305230, -34.649290],
            [152.319780, -34.632930],
            [152.333970, -34.616370],
            [152.347810, -34.599600],
            [152.361290, -34.582640],
            [152.374400, -34.565480],
            [152.387150, -34.548140],
            [152.399530, -34.530610],
            [152.411530, -34.512910],
            [152.423150, -34.495030],
            [152.434390, -34.476990],
            [152.445250, -34.458790],
            [152.455720, -34.440440],
            [152.465790, -34.421940],
            [152.475480, -34.403290],
            [152.484770, -34.384510],
            [152.493650, -34.365590],
            [152.493650, -34.365590],
            [152.502140, -34.346550],
            [152.510220, -34.327390],
            [152.517900, -34.308120],
            [152.525170, -34.288730],
            [152.532030, -34.269250],
            [152.538480, -34.249670],
            [152.544510, -34.229990],
            [152.550130, -34.210240],
            [152.555340, -34.190400],
            [152.560120, -34.170500],
            [152.564490, -34.150520],
            [152.568440, -34.130490],
            [152.571960, -34.110400],
            [152.575070, -34.090260],
            [152.577750, -34.070090],
            [152.580010, -34.049870],
            [152.581850, -34.029630],
            [152.583260, -34.009360],
            [152.584250, -33.989080],
            [152.584820, -33.968780],
            [152.584960, -33.948480],
            [152.584680, -33.928180],
            [152.583980, -33.907890],
            [152.582850, -33.887610],
            [152.581310, -33.867350],
            [152.579340, -33.847110],
            [152.576950, -33.826910],
            [152.574150, -33.806740],
            [152.570920, -33.786620],
            [152.567280, -33.766550],
            [152.563230, -33.746530],
            [152.558760, -33.726570],
            [152.553880, -33.706690],
            [152.548590, -33.686870],
            [152.542890, -33.667140],
            [152.536780, -33.647490],
            [152.530270, -33.627930],
            [152.523360, -33.608470],
            [152.516050, -33.589110],
            [152.508340, -33.569860],
            [152.500240, -33.550720],
            [152.491740, -33.531710],
            [152.482860, -33.512820],
            [152.473590, -33.494060],
            [152.463930, -33.475440],
            [152.453900, -33.456960],
            [152.443490, -33.438630],
            [152.432700, -33.420450],
            [152.421550, -33.402430],
            [152.410020, -33.384580],
            [152.398140, -33.366890],
            [152.385890, -33.349380],
            [152.373290, -33.332050],
            [152.360340, -33.314900],
            [152.347040, -33.297950],
            [152.347040, -33.297950],
            [152.333390, -33.281190],
            [152.319410, -33.264620],
            [152.305090, -33.248270],
            [152.290450, -33.232120],
            [152.275470, -33.216190],
            [152.260180, -33.200480],
            [152.244560, -33.184990],
            [152.228640, -33.169720],
            [152.212410, -33.154700],
            [152.195870, -33.139900],
            [152.179040, -33.125350],
            [152.161920, -33.111050],
            [152.144500, -33.097000],
            [152.126810, -33.083200],
            [152.108840, -33.069650],
            [152.090600, -33.056370],
            [152.072100, -33.043360],
            [152.053330, -33.030620],
            [152.034310, -33.018150],
            [152.015040, -33.005950],
            [151.995520, -32.994040],
            [151.975770, -32.982410],
            [151.955790, -32.971070],
            [151.935580, -32.960020],
            [151.915160, -32.949270],
            [151.894520, -32.938810],
            [151.873670, -32.928650],
            [151.852620, -32.918800],
            [151.831370, -32.909250],
            [151.809940, -32.900010],
            [151.788320, -32.891080],
            [151.766530, -32.882470],
            [151.744570, -32.874170],
            [151.722440, -32.866190],
            [151.700160, -32.858540],
            [151.677730, -32.851210],
            [151.655150, -32.844200],
            [151.632430, -32.837520],
            [151.609590, -32.831170],
            [151.586620, -32.825160],
            [151.563530, -32.819470],
            [151.540330, -32.814120],
            [151.517030, -32.809110],
            [151.493630, -32.804440],
            [151.470150, -32.800100],
            [151.446570, -32.796110],
            [151.422930, -32.792460],
            [151.399210, -32.789150],
            [151.375430, -32.786190],
            [151.351590, -32.783570],
            [151.327700, -32.781290],
            [151.303780, -32.779370],
            [151.279810, -32.777780],
            [151.255820, -32.776550],
            [151.231810, -32.775670],
            [151.207780, -32.775130],
            [151.183750, -32.774940],
            [151.159710, -32.775090],
            [151.135680, -32.775600],
            [151.111670, -32.776390],
            [151.111670, -32.776390],
            [151.081940, -32.610560],
            [151.081940, -32.610560],
            [151.081940, -32.610560],
            [151.055170, -32.612180],
            [151.028430, -32.614180],
            [151.001740, -32.616550],
            [150.975090, -32.619310],
            [150.948500, -32.622440],
            [150.921980, -32.625940],
            [150.895520, -32.629830],
            [150.869150, -32.634080],
            [150.842870, -32.638710],
            [150.816670, -32.643720],
            [150.790580, -32.649090],
            [150.764600, -32.654830],
            [150.738730, -32.660940],
            [150.712990, -32.667410],
            [150.687380, -32.674250],
            [150.661900, -32.681460],
            [150.636570, -32.689020],
            [150.611390, -32.696940],
            [150.611390, -32.696940],
            [150.659720, -32.860280],
            [150.659720, -32.860280],
            [150.637420, -32.868060],
            [150.615260, -32.876140],
            [150.593270, -32.884540],
            [150.571450, -32.893260],
            [150.549810, -32.902300],
            [150.528360, -32.911640],
            [150.507100, -32.921300],
            [150.486030, -32.931270],
            [150.465170, -32.941540],
            [150.444520, -32.952110],
            [150.424090, -32.962980],
            [150.403880, -32.974140],
            [150.383900, -32.985600],
            [150.364150, -32.997350],
            [150.344650, -33.009380],
            [150.325390, -33.021690],
            [150.306380, -33.034280],
            [150.287630, -33.047140],
            [150.269140, -33.060280],
            [150.250920, -33.073680],
            [150.232980, -33.087340],
            [150.215320, -33.101260],
            [150.197940, -33.115440],
            [150.180850, -33.129870],
            [150.164080, -33.144560],
            [150.164080, -33.144560],
            [149.498060, -32.625560],
            [148.830830, -32.094440],
            [147.982220, -30.979440],
            [147.982220, -30.979440],
            [146.778060, -29.340830],
            [146.533330, -29.000000],
            [144.416670, -29.000000],
            [143.500000, -29.000000],
            [141.629720, -28.022500],
            [141.629720, -28.022500],
            [141.629720, -28.022500],
            [140.502220, -27.412220],
            [138.389720, -26.225280],
            [138.000000, -28.000000],
            [138.000000, -28.000000],
            [138.000000, -28.000000],
            [139.500000, -28.666670],
            [140.000000, -30.000000],
            [139.882220, -30.500000],
            [139.882220, -30.500000],
            [139.448610, -32.301390],
            [139.448610, -32.301390],
            [139.448610, -32.301390],
            [139.808890, -32.869170],
            [139.808890, -32.869170],
            [139.851010, -32.887530],
            [139.892750, -32.906530],
            [139.934110, -32.926110],
            [139.975090, -32.946270],
            [140.015680, -32.967010],
            [140.055850, -32.988320],
            [140.095610, -33.010190],
            [140.134940, -33.032610],
            [140.173820, -33.055590],
            [140.212260, -33.079110],
            [140.250230, -33.103180],
            [140.287730, -33.127770],
            [140.324740, -33.152890],
            [140.361260, -33.178520],
            [140.397270, -33.204670],
            [140.432770, -33.231320],
            [140.467740, -33.258470],
            [140.027500, -33.836110],
            [140.050690, -33.857590],
            [140.073280, -33.879520],
            [140.095420, -33.901770],
            [140.117110, -33.924330],
            [140.138340, -33.947200],
            [140.159100, -33.970370],
            [140.179390, -33.993820],
            [140.199200, -34.017570],
            [140.218520, -34.041590],
            [140.237350, -34.065890],
            [140.255690, -34.090450],
            [140.273520, -34.115270],
            [140.290840, -34.140340],
            [140.307650, -34.165650],
            [140.323930, -34.191190],
            [140.339700, -34.216970],
            [140.354930, -34.242970],
            [140.369620, -34.269180],
            [140.383780, -34.295590],
            [140.397400, -34.322210],
            [140.410460, -34.349010],
            [140.422970, -34.375990],
            [140.434920, -34.403150],
            [140.446320, -34.430480],
            [140.457140, -34.457960],
            [140.467400, -34.485600],
            [140.477090, -34.513380],
            [140.486190, -34.541290],
            [140.494720, -34.569320],
            [140.502670, -34.597480],
            [140.510030, -34.625740],
            [140.516810, -34.654100],
            [140.522990, -34.682560],
            [140.528580, -34.711090],
            [140.533570, -34.739710],
            [140.537970, -34.768390],
            [140.541760, -34.797130],
            [140.544960, -34.825920],
            [140.547550, -34.854750],
            [140.549540, -34.883610],
            [140.550920, -34.912500],
            [140.551700, -34.941400],
            [140.551870, -34.970310],
            [140.551430, -34.999210],
            [140.550380, -35.028110],
            [140.548720, -35.056980],
            [140.546450, -35.085830],
            [140.543580, -35.114640],
            [140.540100, -35.143410],
            [140.536000, -35.172120],
            [140.531300, -35.200770],
            [140.525990, -35.229340],
            [140.520080, -35.257840],
            [140.513560, -35.286250],
            [140.506440, -35.314560],
            [140.498720, -35.342770],
            [140.490390, -35.370860],
            [140.481470, -35.398820],
            [140.471950, -35.426660],
            [140.461840, -35.454360],
            [140.451130, -35.481900],
            [140.439840, -35.509290],
            [140.427960, -35.536520],
            [140.415490, -35.563570],
            [140.402450, -35.590440],
            [140.388830, -35.617120],
            [140.374640, -35.643600],
            [140.359880, -35.669880],
            [140.344550, -35.695940],
            [140.328670, -35.721770],
            [140.312220, -35.747380],
            [140.295230, -35.772750],
            [140.277680, -35.797870],
            [140.259600, -35.822740],
            [140.240980, -35.847350],
            [140.221820, -35.871690],
            [140.202140, -35.895750],
            [140.181940, -35.919520],
            [140.161220, -35.943010],
            [140.139720, -35.966190],
            [140.118270, -35.989070],
            [140.096040, -36.011640],
            [140.073320, -36.033890],
            [140.050120, -36.055800],
            [140.026450, -36.077390],
            [140.002300, -36.098630],
            [139.977690, -36.119530],
            [139.952630, -36.140070],
            [139.927120, -36.160250],
            [139.901160, -36.180060],
            [139.874780, -36.199500],
            [139.847970, -36.218570],
            [139.820750, -36.237240],
            [139.793120, -36.255530],
            [139.765080, -36.273420],
            [139.736660, -36.290900],
            [139.707860, -36.307980],
            [139.678680, -36.324650],
            [139.649140, -36.340890],
            [139.619240, -36.356720],
            [139.588990, -36.372110],
            [139.558410, -36.387070],
            [139.527510, -36.401590],
            [139.496390, -36.415830],
            [139.666670, -36.666670],
            [139.666670, -38.901110],
            [141.000000, -38.901110],
            [141.000000, -38.901110],
            [141.000000, -40.500000],
            [141.000000, -41.299720],
            [141.000000, -42.350000],
            [142.480560, -42.798890],
            [145.863330, -43.729720],
            [147.526670, -43.644170],
            [149.358330, -43.520830],
            [150.664720, -43.850830]

          ]
        ]
      }
    },
    {
      "type": "Feature",
      "properties": {
        "name": "Melbourne West Sector",
        "short": "YMMW_CTR",
        "type": "CTR",
        "level": "Upper",
        "fir": "YMMM",
        "logon": "YMMW_CTR",
        "frequency": "125.100",
        "rating": "ADC+ / APC",
        "cpdlc": "YMMW",
        "lower": "FL245",
        "upper": "FL660"
      },
      "geometry": {
        "type": "Polygon",
        "coordinates": [
          [
            [130.000000, -39.096220],
            [130.000000, -38.256670],
            [130.000000, -37.170000],
            [128.000000, -35.755000],
            [128.000000, -35.168330],
            [128.000000, -34.649720],
            [128.000000, -34.116670],
            [128.000000, -33.548330],
            [129.000000, -33.000000],
            [129.000000, -28.604440],
            [130.310280, -28.390560],
            [130.310280, -28.390560],
            [131.614440, -28.164170],
            [131.614440, -28.164170],
            [132.976670, -25.885280],
            [136.435280, -26.126110],
            [137.837780, -25.017780],
            [137.013890, -23.166670],
            [136.635280, -22.297220],
            [136.373610, -21.858890],
            [136.328890, -21.499720],
            [131.918330, -21.208890],
            [131.840000, -21.202500],
            [130.226390, -22.182780],
            [130.226390, -22.182780],
            [130.226390, -22.182780],
            [130.226390, -22.182780],
            [128.463610, -23.220280],
            [127.135560, -23.322220],
            [127.135560, -23.322220],
            [126.526110, -23.365560],
            [126.058890, -23.396940],
            [126.058890, -23.396940],
            [124.551110, -21.521940],
            [121.672780, -20.054720],
            [121.128890, -19.654720],
            [121.128890, -19.654720],
            [120.250000, -19.000000],
            [118.759440, -17.619720],
            [116.806670, -18.348610],
            [116.806700, -18.348600],
            [113.523100, -19.510000],
            [113.523060, -19.510000],
            [111.500000, -21.833330],
            [111.500000, -21.833330],
            [111.500000, -21.833330],
            [111.738060, -23.500000],
            [111.738060, -23.500000],
            [112.143060, -26.250000],
            [112.143060, -26.250000],
            [112.333610, -27.500000],
            [112.333610, -27.500000],
            [112.732220, -30.000000],
            [112.732200, -30.000000],
            [112.941100, -31.260800],
            [112.941100, -31.260800],
            [112.941100, -31.260800],
            [112.941100, -31.260800],
            [112.927100, -31.305100],
            [112.914000, -31.349700],
            [112.901800, -31.394400],
            [112.890400, -31.439300],
            [112.879720, -31.484300],
            [112.870500, -31.529500],
            [112.861900, -31.574800],
            [112.854100, -31.620300],
            [112.847300, -31.665800],
            [112.841400, -31.711500],
            [112.836400, -31.757200],
            [112.832300, -31.803000],
            [112.829100, -31.848800],
            [112.826900, -31.894700],
            [112.825500, -31.940600],
            [112.825100, -31.986600],
            [112.825700, -32.032220],
            [112.827100, -32.078400],
            [112.829500, -32.124300],
            [112.832800, -32.170100],
            [112.837000, -32.215900],
            [112.842200, -32.261600],
            [112.848300, -32.307200],
            [112.855300, -32.352700],
            [112.863200, -32.398200],
            [112.872100, -32.443500],
            [112.881900, -32.488600],
            [112.892600, -32.533600],
            [112.904200, -32.578500],
            [112.916800, -32.623100],
            [112.930300, -32.667600],
            [112.944700, -32.711900],
            [112.959720, -32.756000],
            [112.976200, -32.799800],
            [112.993300, -32.843400],
            [113.011300, -32.886700],
            [113.030300, -32.929700],
            [113.050100, -32.972220],
            [113.070800, -33.015000],
            [113.092300, -33.057100],
            [113.114800, -33.099000],
            [113.138100, -33.140500],
            [113.162300, -33.181600],
            [113.187400, -33.222400],
            [113.213300, -33.262900],
            [113.240100, -33.302900],
            [113.267600, -33.342500],
            [113.296100, -33.381800],
            [113.325300, -33.420600],
            [113.355400, -33.458900],
            [113.386300, -33.496900],
            [113.417900, -33.534300],
            [113.450400, -33.571300],
            [113.483700, -33.607800],
            [113.517700, -33.643900],
            [113.552220, -33.679400],
            [113.588000, -33.714400],
            [113.624300, -33.748900],
            [113.661300, -33.782800],
            [113.699000, -33.816200],
            [113.737220, -33.849000],
            [113.776600, -33.881300],
            [113.816400, -33.913100],
            [113.816400, -33.913100],
            [113.816390, -33.913060],
            [113.855400, -33.943060],
            [113.895040, -33.972490],
            [113.935300, -34.001350],
            [113.976140, -34.029640],
            [114.017580, -34.057360],
            [114.059580, -34.084480],
            [114.102140, -34.111000],
            [114.145250, -34.136920],
            [114.188900, -34.162230],
            [114.233060, -34.186940],
            [115.295280, -35.181110],
            [115.295280, -35.181110],
            [116.666670, -36.416670],
            [120.000000, -36.719720],
            [120.000000, -36.719720],
            [120.000000, -36.719720],
            [125.081670, -37.177220],
            [130.000000, -39.096220],
            [130.000000, -39.096220],
            [130.000000, -39.096220]
          ]
        ]
      }
    },
    {
      "type": "Feature",
      "properties": {
        "name": "Carnarvon Sector",
        "short": "YMMW_W_CTR",
        "type": "CTR",
        "level": "Upper",
        "fir": "YMMM",
        "logon": "YMMW_W_CTR",
        "frequency": "122.100",
        "rating": "ADC",
        "cpdlc": "YMWW",
        "lower": "FL245",
        "upper": "FL660"
      },
      "geometry": {
        "type": "Polygon",
        "coordinates": [
          [
            [130.000000, -39.096220],
            [130.000000, -38.256670],
            [130.000000, -37.170000],
            [128.000000, -35.755000],
            [128.000000, -35.168330],
            [128.000000, -34.649720],
            [128.000000, -34.116670],
            [128.000000, -33.548330],
            [129.000000, -33.000000],
            [129.000000, -28.604440],
            [127.833330, -28.783610],
            [125.000000, -29.500000],
            [125.000000, -29.000000],
            [124.829720, -28.595830],
            [124.232220, -28.062780],
            [124.000000, -26.578890],
            [124.000000, -26.579000],
            [124.000000, -26.579000],
            [124.000000, -26.578890],
            [126.058890, -23.396940],
            [126.058890, -23.396940],
            [126.058890, -23.396940],
            [124.551110, -21.521940],
            [121.672780, -20.054720],
            [121.128890, -19.654720],
            [121.128890, -19.654720],
            [120.250000, -19.000000],
            [118.759440, -17.619720],
            [116.806670, -18.348610],
            [116.806700, -18.348600],
            [113.523100, -19.510000],
            [113.523060, -19.510000],
            [111.500000, -21.833330],
            [111.500000, -21.833330],
            [111.500000, -21.833330],
            [111.738060, -23.500000],
            [111.738060, -23.500000],
            [112.143060, -26.250000],
            [112.143060, -26.250000],
            [112.333610, -27.500000],
            [112.333610, -27.500000],
            [112.732220, -30.000000],
            [112.732200, -30.000000],
            [112.941100, -31.260800],
            [112.941100, -31.260800],
            [112.941100, -31.260800],
            [112.941100, -31.260800],
            [112.927100, -31.305100],
            [112.914000, -31.349700],
            [112.901800, -31.394400],
            [112.890400, -31.439300],
            [112.879720, -31.484300],
            [112.870500, -31.529500],
            [112.861900, -31.574800],
            [112.854100, -31.620300],
            [112.847300, -31.665800],
            [112.841400, -31.711500],
            [112.836400, -31.757200],
            [112.832300, -31.803000],
            [112.829100, -31.848800],
            [112.826900, -31.894700],
            [112.825500, -31.940600],
            [112.825100, -31.986600],
            [112.825700, -32.032220],
            [112.827100, -32.078400],
            [112.829500, -32.124300],
            [112.832800, -32.170100],
            [112.837000, -32.215900],
            [112.842200, -32.261600],
            [112.848300, -32.307200],
            [112.855300, -32.352700],
            [112.863200, -32.398200],
            [112.872100, -32.443500],
            [112.881900, -32.488600],
            [112.892600, -32.533600],
            [112.904200, -32.578500],
            [112.916800, -32.623100],
            [112.930300, -32.667600],
            [112.944700, -32.711900],
            [112.959720, -32.756000],
            [112.976200, -32.799800],
            [112.993300, -32.843400],
            [113.011300, -32.886700],
            [113.030300, -32.929700],
            [113.050100, -32.972220],
            [113.070800, -33.015000],
            [113.092300, -33.057100],
            [113.114800, -33.099000],
            [113.138100, -33.140500],
            [113.162300, -33.181600],
            [113.187400, -33.222400],
            [113.213300, -33.262900],
            [113.240100, -33.302900],
            [113.267600, -33.342500],
            [113.296100, -33.381800],
            [113.325300, -33.420600],
            [113.355400, -33.458900],
            [113.386300, -33.496900],
            [113.417900, -33.534300],
            [113.450400, -33.571300],
            [113.483700, -33.607800],
            [113.517700, -33.643900],
            [113.552220, -33.679400],
            [113.588000, -33.714400],
            [113.624300, -33.748900],
            [113.661300, -33.782800],
            [113.699000, -33.816200],
            [113.737220, -33.849000],
            [113.776600, -33.881300],
            [113.816400, -33.913100],
            [113.816400, -33.913100],
            [113.816390, -33.913060],
            [113.855400, -33.943060],
            [113.895040, -33.972490],
            [113.935300, -34.001350],
            [113.976140, -34.029640],
            [114.017580, -34.057360],
            [114.059580, -34.084480],
            [114.102140, -34.111000],
            [114.145250, -34.136920],
            [114.188900, -34.162230],
            [114.233060, -34.186940],
            [115.295280, -35.181110],
            [115.295280, -35.181110],
            [116.666670, -36.416670],
            [120.000000, -36.719720],
            [120.000000, -36.719720],
            [120.000000, -36.719720],
            [125.081670, -37.177220],
            [130.000000, -39.096220],
            [130.000000, -39.096220],
            [130.000000, -39.096220],
            [130.000000, -39.096220],
            [130.000000, -39.096220],
            [130.000000, -39.096220],
            [130.000000, -39.096220]
          ]
        ]
      }
    },
    {
      "type": "Feature",
      "properties": {
        "name": "Boorloo Sector",
        "short": "YMMW_PH_CTR",
        "type": "CTR",
        "level": "Lower",
        "fir": "YMMM",
        "logon": "YMMW_PH_CTR",
        "frequency": "133.900",
        "rating": "AS3+ / ADC",
        "cpdlc": "YMWH",
        "lower": "FL180",
        "upper": "FL245"
      },
      "geometry": {
        "type": "Polygon",
        "coordinates": [
          [
    [130.000000, -39.096220],
    [130.000000, -38.256670],
    [130.000000, -37.170000],
    [128.000000, -35.755000],
    [128.000000, -35.168330],
    [128.000000, -34.649720],
    [128.000000, -34.116670],
    [128.000000, -33.548330],
    [129.000000, -33.000000],
    [129.000000, -28.604440],
    [127.833330, -28.783610],
    [125.000000, -29.500000],
    [125.000000, -29.000000],
    [124.829720, -28.595830],
    [124.232220, -28.062780],
    [124.000000, -26.578890],
    [124.000000, -26.578890],
    [120.000000, -29.300000],
    [120.000000, -29.300000],
    [118.756940, -28.148060],
    [118.635280, -28.003890],
    [116.000000, -27.685830],
    [115.819440, -27.678890],
    [112.333610, -27.500000],
    [112.333610, -27.500000],
    [112.732220, -30.000000],
    [112.732220, -30.000000],
    [112.941100, -31.260800],
    [112.941100, -31.260800],
    [112.941100, -31.260800],
    [112.941100, -31.260800],
    [112.927100, -31.305100],
    [112.914000, -31.349700],
    [112.901800, -31.394400],
    [112.890400, -31.439300],
    [112.879700, -31.484300],
    [112.870500, -31.529500],
    [112.861900, -31.574800],
    [112.854100, -31.620300],
    [112.847300, -31.665800],
    [112.841400, -31.711500],
    [112.836400, -31.757200],
    [112.832300, -31.803000],
    [112.829100, -31.848800],
    [112.826900, -31.894700],
    [112.825500, -31.940600],
    [112.825200, -31.986600],
    [112.825700, -32.032200],
    [112.827100, -32.078400],
    [112.829500, -32.124300],
    [112.832800, -32.170100],
    [112.837000, -32.215800],
    [112.842200, -32.261600],
    [112.848300, -32.307200],
    [112.855300, -32.352700],
    [112.863200, -32.398200],
    [112.872100, -32.443500],
    [112.881900, -32.488600],
    [112.892600, -32.533600],
    [112.904200, -32.578400],
    [112.916900, -32.623100],
    [112.930400, -32.667600],
    [112.944700, -32.711900],
    [112.960000, -32.756700],
    [112.976300, -32.800800],
    [112.993400, -32.845300],
    [113.011200, -32.889300],
    [113.030000, -32.933300],
    [113.049900, -32.977100],
    [113.070600, -33.020400],
    [113.092100, -33.063700],
    [113.114600, -33.106700],
    [113.138000, -33.149500],
    [113.162500, -33.191800],
    [113.187900, -33.234000],
    [113.214300, -33.276000],
    [113.241500, -33.317800],
    [113.269800, -33.359300],
    [113.299100, -33.400600],
    [113.329300, -33.441800],
    [113.360400, -33.482800],
    [113.392500, -33.523600],
    [113.425500, -33.564200],
    [113.459500, -33.604600],
    [113.494400, -33.644900],
    [113.530000, -33.685000],
    [113.566700, -33.725000],
    [113.604200, -33.764800],
    [113.642700, -33.804500],
    [113.682100, -33.844000],
    [113.722500, -33.883500],
    [113.763700, -33.922800],
    [113.805900, -33.962000],
    [113.849000, -34.001200],
    [113.893000, -34.040200],
    [113.938000, -34.079100],
    [113.983900, -34.118000],
    [114.030700, -34.156700],
    [114.078400, -34.195400],
    [114.127000, -34.234000],
    [114.176400, -34.272500],
    [114.226900, -34.310900],
    [114.278100, -34.349200],
    [115.295300, -35.181100],
    [115.295300, -35.181100],
    [116.666670, -36.416670],
    [120.000000, -36.719720],
    [120.000000, -36.719720],
    [120.000000, -36.719720],
    [125.081670, -37.177220],
    [130.000000, -39.096220],
    [130.000000, -39.096220],
    [130.000000, -39.096220],
    [130.000000, -39.096220],
    [130.000000, -39.096220]
          ]
        ]
      }
    },
    {
      "type": "Feature",
      "properties": {
        "name": "Hedland Sector",
        "short": "YMMW_PD_CTR",
        "type": "CTR",
        "level": "Lower",
        "fir": "YMMM",
        "logon": "YMMW_PD_CTR",
        "frequency": "118.600",
        "rating": "AS3+ / ADC",
        "cpdlc": "YMWP",
        "lower": "FL180",
        "upper": "FL245"
      },
      "geometry": {
        "type": "Polygon",
        "coordinates": [
          [
    [120.000000, -29.300000],
    [120.000000, -29.300000],
    [124.000000, -26.578890],
    [124.000000, -26.578890],
    [126.058890, -23.396940],
    [126.058890, -23.396940],
    [126.058890, -23.396940],
    [124.551110, -21.521940],
    [121.672780, -20.054720],
    [121.128890, -19.654720],
    [121.128890, -19.654720],
    [120.250000, -19.000000],
    [118.759440, -17.619720],
    [116.806670, -18.348610],
    [116.806700, -18.348600],
    [113.523100, -19.510000],
    [113.523090, -19.510000],
    [111.500000, -21.833330],
    [111.500000, -21.833330],
    [111.500000, -21.833330],
    [111.738060, -23.500000],
    [111.738060, -23.500000],
    [112.143060, -26.250000],
    [112.143060, -26.250000],
    [112.333610, -27.500000],
    [115.819440, -27.678890],
    [116.000000, -27.685830],
    [118.635280, -28.003890],
    [118.756940, -28.148060],
    [120.000000, -29.300000]
          ]
        ]
      }
    },
        {
      "type": "Feature",
      "properties": {
        "name": "Tallaringa Sector",
        "short": "YMMW_AS_CTR",
        "type": "CTR",
        "level": "Lower",
        "fir": "YMMM",
        "logon": "YMMW_AS_CTR",
        "frequency": "123.000",
        "rating": "AS3+ / ADC",
        "cpdlc": "YMWA",
        "lower": "FL180",
        "upper": "FL245"
      },
      "geometry": {
        "type": "Polygon",
        "coordinates": [
          [
    [125.000000, -29.500000],
    [127.833330, -28.783610],
    [129.000000, -28.604440],
    [130.310280, -28.390560],
    [131.614440, -28.164170],
    [132.976670, -25.885280],
    [136.435280, -26.126110],
    [137.837780, -25.017780],
    [137.013890, -23.166670],
    [136.635280, -22.297220],
    [136.373610, -21.858890],
    [136.328890, -21.499720],
    [131.918330, -21.208890],
    [131.840000, -21.202500],
    [130.226390, -22.182780],
    [128.463610, -23.220280],
    [127.135560, -23.322220],
    [127.135560, -23.322220],
    [126.526110, -23.365560],
    [126.058890, -23.396940],
    [124.000000, -26.578890],
    [124.232220, -28.062780],
    [124.829720, -28.595830],
    [125.000000, -29.000000],
    [125.000000, -29.500000]
          ]
        ]
      }
    },
        {
      "type": "Feature",
      "properties": {
        "name": "Brisbane East Sector",
        "short": "YBBE_CTR",
        "type": "CTR",
        "level": "Upper",
        "fir": "YBBB",
        "logon": "YBBE_CTR",
        "frequency": "128.500",
        "rating": "ADC+ / APC",
        "cpdlc": "YBBE",
        "lower": "FL245",
        "upper": "FL660"
      },
      "geometry": {
        "type": "Polygon",
        "coordinates": [
          [
[150.000000, -45.000000],
[150.000000, -45.000000],
[150.000000, -45.000000],
[150.000000, -45.000000],
[150.000000, -45.000000],
[163.000000, -45.000000],
[163.000000, -33.266670],
[163.000000, -26.816390],
[163.000000, -17.667000],
[163.000000, -17.666670],
[162.662220, -16.971390],
[161.250000, -14.000000],
[155.000000, -14.000000],
[155.000000, -12.000000],
[148.573330, -12.000000],
[148.573330, -12.000000],
[148.573330, -12.000000],
[148.573330, -12.000000],
[144.703060, -12.000000],
[144.000000, -12.000000],
[144.072220, -11.724720],
[144.026670, -11.500000],
[144.089170, -9.942780],
[144.233330, -9.400000],
[143.875000, -9.133330],
[142.805000, -9.323330],
[142.058330, -9.261670],
[141.033330, -9.616670],
[141.000000, -9.833330],
[139.666670, -9.833330],
[140.000000, -11.608330],
[140.000000, -14.000000],
[140.000000, -15.000000],
[141.043330, -15.308610],
[140.086110, -19.089720],
[137.672220, -19.020560],
[136.233890, -20.732220],
[136.233890, -20.732220],
[136.233890, -20.732220],
[136.373610, -21.858890],
[136.635280, -22.297220],
[137.013890, -23.166670],
[137.837780, -25.017780],
[138.389720, -26.225280],
[138.389720, -26.225280],
[138.389720, -26.225280],
[140.502220, -27.412220],
[141.629720, -28.022500],
[141.629720, -28.022500],
[141.629720, -28.022500],
[143.500000, -29.000000],
[144.416670, -29.000000],
[146.533330, -29.000000],
[146.778060, -29.340830],
[147.982220, -30.979440],
[147.982220, -30.979440],
[148.830830, -32.094440],
[149.498060, -32.625560],
[150.164080, -33.144560],
[150.164080, -33.144560],
[150.164080, -33.144560],
[150.529720, -33.427500],
[150.557130, -33.404330],
[150.585730, -33.382190],
[150.615430, -33.361120],
[150.646180, -33.341130],
[150.677920, -33.322280],
[150.710590, -33.304590],
[150.744130, -33.288100],
[150.778480, -33.272840],
[150.781670, -33.271390],
[150.781670, -33.271390],
[150.816800, -33.257560],
[150.852590, -33.244980],
[150.888980, -33.233700],
[150.925920, -33.223750],
[150.963320, -33.215140],
[151.001130, -33.207890],
[151.039270, -33.202020],
[151.077670, -33.197530],
[151.116270, -33.194430],
[151.154980, -33.192730],
[151.193750, -33.192430],
[151.232220, -33.193540],
[151.271150, -33.196040],
[151.309650, -33.199940],
[151.347910, -33.205230],
[151.385860, -33.211890],
[151.423450, -33.219920],
[151.460590, -33.229300],
[151.497220, -33.240020],
[151.533270, -33.252050],
[151.568680, -33.265370],
[151.603380, -33.279960],
[151.637310, -33.295790],
[151.670400, -33.312830],
[151.702590, -33.331060],
[151.733820, -33.350430],
[151.764040, -33.370910],
[151.793190, -33.392460],
[151.821210, -33.415050],
[151.848040, -33.438630],
[151.873650, -33.463160],
[151.897980, -33.488590],
[151.920990, -33.514880],
[151.942620, -33.541970],
[151.962850, -33.569820],
[151.981620, -33.598370],
[151.998920, -33.627580],
[152.014690, -33.657390],
[152.028910, -33.687730],
[152.041550, -33.718570],
[152.052600, -33.749830],
[152.062010, -33.781460],
[152.069780, -33.813400],
[152.075890, -33.845590],
[152.080320, -33.877970],
[152.083070, -33.910490],
[152.084130, -33.943070],
[152.083490, -33.975650],
[152.081150, -34.008190],
[152.077120, -34.040610],
[152.071400, -34.072850],
[152.064000, -34.104850],
[152.054940, -34.136560],
[152.044220, -34.167910],
[152.031860, -34.198840],
[152.017900, -34.229300],
[152.002350, -34.259220],
[151.985230, -34.288550],
[151.966590, -34.317240],
[151.946460, -34.345220],
[151.924860, -34.372450],
[151.901850, -34.398870],
[151.877470, -34.424440],
[151.851750, -34.449100],
[151.824720, -34.472780],
[151.824720, -34.472780],
[151.824720, -34.472780],
[151.824720, -34.472780],
[152.193890, -34.757500],
[152.930560, -35.316390],
[152.930560, -35.316390],
[152.910930, -35.399050],
[152.886950, -35.480930],
[152.858730, -35.561920],
[152.826310, -35.641850],
[152.789740, -35.720590],
[152.749070, -35.797990],
[152.704360, -35.873920],
[152.655680, -35.948220],
[152.603120, -36.020780],
[152.546750, -36.091450],
[152.486670, -36.160100],
[152.423060, -36.226670],
[152.423060, -36.226670],
[152.423110, -36.226610],
[152.423110, -36.226610],
[152.395730, -36.253470],
[152.367750, -36.279940],
[152.339200, -36.306010],
[152.310070, -36.331660],
[152.280370, -36.356890],
[152.250110, -36.381700],
[152.219310, -36.406060],
[152.187970, -36.429980],
[152.156100, -36.453450],
[152.123710, -36.476460],
[152.090810, -36.499000],
[152.057420, -36.521060],
[152.023530, -36.542650],
[151.989160, -36.563740],
[151.954330, -36.584340],
[151.919040, -36.604440],
[151.883300, -36.624030],
[151.847130, -36.643100],
[151.810530, -36.661650],
[151.773530, -36.679680],
[151.736120, -36.697170],
[151.698320, -36.714130],
[151.660150, -36.730540],
[151.621610, -36.746400],
[151.582720, -36.761700],
[151.543490, -36.776450],
[151.503930, -36.790630],
[151.464060, -36.804250],
[151.423880, -36.817290],
[151.383420, -36.829750],
[151.342680, -36.841640],
[151.301670, -36.852930],
[151.260420, -36.863640],
[151.218930, -36.873760],
[151.177220, -36.883280],
[151.135290, -36.892200],
[151.093170, -36.900520],
[151.050870, -36.908230],
[151.008400, -36.915340],
[150.965780, -36.921840],
[150.923010, -36.927730],
[150.880120, -36.933000],
[150.837110, -36.937660],
[150.794010, -36.941700],
[150.750830, -36.945280],
[150.750830, -36.945280],
[150.386670, -38.000000],
[150.644170, -40.567220],
[150.924720, -42.500000],
[151.000000, -43.000000],
[150.664720, -43.850830],
[150.664720, -43.850830],
[150.664720, -43.850830],
[150.664720, -43.850830],
[150.000000, -44.566000],
[150.000000, -45.000000]
          ]
        ]
      }
    },
        {
      "type": "Feature",
      "properties": {
        "name": "Mount Isa Sector",
        "short": "YBBE_W_CTR",
        "type": "CTR",
        "level": "Upper",
        "fir": "YBBB",
        "logon": "YBBE_W_CTR",
        "frequency": "118.800",
        "rating": "ADC",
        "cpdlc": "YBEW",
        "lower": "FL245",
        "upper": "FL660"
      },
      "geometry": {
        "type": "Polygon",
        "coordinates": [
          [
            [153.813060, -36.491110],
            [153.813060, -36.491110],
            [153.813060, -36.491110],
            [153.945990, -36.393350],
            [154.073160, -36.290830],
            [154.194370, -36.183810],
            [154.309400, -36.072220],
            [154.418040, -35.957150],
            [154.520100, -35.837970],
            [154.615400, -35.715220],
            [154.703780, -35.589140],
            [154.785100, -35.459990],
            [154.859240, -35.328010],
            [154.926070, -35.193490],
            [154.985510, -35.056670],
            [155.037470, -34.917830],
            [155.081900, -34.777250],
            [155.118750, -34.635190],
            [155.147970, -34.491930],
            [155.169570, -34.347750],
            [155.183530, -34.202920],
            [155.189870, -34.057720],
            [155.188610, -33.912430],
            [155.179800, -33.767310],
            [155.163490, -33.622650],
            [155.139740, -33.478710],
            [155.108650, -33.335760],
            [155.070300, -33.194060],
            [155.024790, -33.053880],
            [154.972250, -32.915470],
            [154.912800, -32.779080],
            [154.846590, -32.644970],
            [154.773750, -32.513370],
            [154.694440, -32.384530],
            [154.608850, -32.258670],
            [154.517140, -32.136020],
            [154.419500, -32.016800],
            [154.316130, -31.901230],
            [154.207220, -31.789490],
            [154.093000, -31.681800],
            [153.973670, -31.578350],
            [153.849470, -31.479300],
            [153.720620, -31.384850],
            [153.587350, -31.295140],
            [153.449920, -31.210350],
            [153.308610, -31.130560],
            [153.308610, -31.130560],
            [153.529440, -30.672220],
            [153.716110, -29.820280],
            [153.836270, -29.795670],
            [153.955100, -29.766660],
            [154.072310, -29.733120],
            [154.187690, -29.695110],
            [154.300990, -29.652730],
            [154.412000, -29.606040],
            [154.520520, -29.555140],
            [154.626320, -29.500130],
            [154.729200, -29.441120],
            [154.828980, -29.378230],
            [154.925450, -29.311570],
            [155.018450, -29.241280],
            [155.107790, -29.167490],
            [155.193310, -29.090350],
            [155.274850, -29.010010],
            [155.352270, -28.926620],
            [155.425430, -28.840340],
            [155.494200, -28.751350],
            [155.558450, -28.659800],
            [155.618080, -28.565870],
            [155.672990, -28.469750],
            [155.723080, -28.371620],
            [155.768270, -28.271660],
            [155.808500, -28.170060],
            [155.843700, -28.067010],
            [155.873810, -27.962720],
            [155.898810, -27.857360],
            [155.918650, -27.751140],
            [155.933320, -27.644260],
            [155.942790, -27.536920],
            [155.947080, -27.429310],
            [155.946190, -27.321630],
            [155.940120, -27.214090],
            [155.928920, -27.106880],
            [155.912620, -27.000190],
            [155.891250, -26.894220],
            [155.864870, -26.789160],
            [155.833550, -26.685210],
            [155.797350, -26.582550],
            [155.756360, -26.481370],
            [155.710650, -26.381850],
            [155.660320, -26.284170],
            [155.605470, -26.188500],
            [155.546220, -26.095020],
            [155.482670, -26.003900],
            [155.414960, -25.915280],
            [155.343200, -25.829350],
            [155.267540, -25.746230],
            [155.188110, -25.666090],
            [155.105070, -25.589070],
            [155.018570, -25.515290],
            [154.928760, -25.444900],
            [154.835800, -25.378010],
            [154.739870, -25.314750],
            [154.641140, -25.255210],
            [154.539790, -25.199520],
            [154.435990, -25.147760],
            [154.329930, -25.100030],
            [154.221790, -25.056400],
            [154.111770, -25.016960],
            [154.000000, -24.981940],
            [153.513330, -23.858330],
            [153.241670, -23.221670],
            [152.047220, -22.255830],
            [151.868890, -21.653330],
            [151.178890, -19.270280],
            [151.009720, -18.674170],
            [151.075280, -16.971390],
            [151.105830, -16.166390],
            [148.573330, -12.000000],
            [144.703060, -12.000000],
            [144.000000, -12.000000],
            [144.072220, -11.724720],
            [144.026670, -11.500000],
            [144.089170, -9.942780],
            [144.233330, -9.400000],
            [143.875000, -9.133330],
            [142.805000, -9.323330],
            [142.058330, -9.261670],
            [141.033330, -9.616670],
            [141.000000, -9.833330],
            [139.666670, -9.833330],
            [140.000000, -11.608330],
            [140.000000, -14.000000],
            [140.000000, -15.000000],
            [141.043330, -15.308610],
            [140.086110, -19.089720],
            [137.672220, -19.020560],
            [136.233890, -20.732220],
            [136.233890, -20.732220],
            [136.233890, -20.732220],
            [136.373610, -21.858890],
            [136.635280, -22.297220],
            [137.013890, -23.166670],
            [137.837780, -25.017780],
            [138.389720, -26.225280],
            [138.389720, -26.225280],
            [138.389720, -26.225280],
            [140.502220, -27.412220],
            [141.629720, -28.022500],
            [141.629720, -28.022500],
            [141.629720, -28.022500],
            [143.500000, -29.000000],
            [144.416670, -29.000000],
            [146.533330, -29.000000],
            [146.778060, -29.340830],
            [147.982220, -30.979440],
            [147.982220, -30.979440],
            [148.830830, -32.094440],
            [149.498060, -32.625560],
            [150.164080, -33.144560],
            [150.164080, -33.144560],
            [150.164080, -33.144560],
            [150.529720, -33.427500],
            [150.557130, -33.404330],
            [150.585730, -33.382190],
            [150.615430, -33.361120],
            [150.646180, -33.341130],
            [150.677920, -33.322280],
            [150.710590, -33.304590],
            [150.744130, -33.288100],
            [150.778480, -33.272840],
            [150.781670, -33.271390],
            [150.781670, -33.271390],
            [150.816800, -33.257560],
            [150.852590, -33.244980],
            [150.888980, -33.233700],
            [150.925920, -33.223750],
            [150.963320, -33.215140],
            [151.001130, -33.207890],
            [151.039270, -33.202020],
            [151.077670, -33.197530],
            [151.116270, -33.194430],
            [151.154980, -33.192730],
            [151.193750, -33.192430],
            [151.232220, -33.193540],
            [151.271150, -33.196040],
            [151.309650, -33.199940],
            [151.347910, -33.205230],
            [151.385860, -33.211890],
            [151.423450, -33.219920],
            [151.460590, -33.229300],
            [151.497220, -33.240020],
            [151.533270, -33.252050],
            [151.568680, -33.265370],
            [151.603380, -33.279960],
            [151.637310, -33.295790],
            [151.670400, -33.312830],
            [151.702590, -33.331060],
            [151.733820, -33.350430],
            [151.764040, -33.370910],
            [151.793190, -33.392460],
            [151.821210, -33.415050],
            [151.848040, -33.438630],
            [151.873650, -33.463160],
            [151.897980, -33.488590],
            [151.920990, -33.514880],
            [151.942620, -33.541970],
            [151.962850, -33.569820],
            [151.981620, -33.598370],
            [151.998920, -33.627580],
            [152.014690, -33.657390],
            [152.028910, -33.687730],
            [152.041550, -33.718570],
            [152.052600, -33.749830],
            [152.062010, -33.781460],
            [152.069780, -33.813400],
            [152.075890, -33.845590],
            [152.080320, -33.877970],
            [152.083070, -33.910490],
            [152.084130, -33.943070],
            [152.083490, -33.975650],
            [152.081150, -34.008190],
            [152.077120, -34.040610],
            [152.071400, -34.072850],
            [152.064000, -34.104850],
            [152.054940, -34.136560],
            [152.044220, -34.167910],
            [152.031860, -34.198840],
            [152.017900, -34.229300],
            [152.002350, -34.259220],
            [151.985230, -34.288550],
            [151.966590, -34.317240],
            [151.946460, -34.345220],
            [151.924860, -34.372450],
            [151.901850, -34.398870],
            [151.877470, -34.424440],
            [151.851750, -34.449100],
            [151.824720, -34.472780],
            [151.824720, -34.472780],
            [151.824720, -34.472780],
            [151.824720, -34.472780],
            [152.193890, -34.757500],
            [152.930560, -35.316390],
            [152.930560, -35.316390],
            [152.910930, -35.399050],
            [152.886950, -35.480930],
            [152.858730, -35.561920],
            [152.826310, -35.641850],
            [152.789740, -35.720590],
            [152.749070, -35.797990],
            [152.704360, -35.873920],
            [152.655680, -35.948220],
            [152.603120, -36.020780],
            [152.546750, -36.091450],
            [152.486670, -36.160100],
            [152.423060, -36.226670],
            [152.423060, -36.226670],
            [153.813060, -36.491110],
            [153.813060, -36.491110],
            [153.813060, -36.491110],
            [153.813060, -36.491110],
            [153.813060, -36.491110]
          ]
        ]
      }
    },
      {
      "type": "Feature",
      "properties": {
        "name": "Pilliga Sector",
        "short": "YBBE_BN_CTR",
        "type": "CTR",
        "level": "Lower",
        "fir": "YBBB",
        "logon": "YBBE_BN_CTR",
        "frequency": "124.800",
        "rating": "AS3+ / ADC",
        "cpdlc": "YBEB",
        "lower": "FL180",
        "upper": "FL245"
      },
      "geometry": {
        "type": "Polygon",
        "coordinates": [
          [
            [153.813060, -36.491110],
            [153.813060, -36.491110],
            [153.813060, -36.491110],
            [153.813060, -36.491110],
            [153.813060, -36.491110],
            [153.813060, -36.491110],
            [153.813060, -36.491110],
            [153.813060, -36.491110],
            [153.945990, -36.393350],
            [154.073160, -36.290830],
            [154.194370, -36.183810],
            [154.309400, -36.072220],
            [154.418040, -35.957150],
            [154.520100, -35.837970],
            [154.615400, -35.715220],
            [154.703780, -35.589140],
            [154.785100, -35.459990],
            [154.859240, -35.328010],
            [154.926070, -35.193490],
            [154.985510, -35.056670],
            [155.037470, -34.917830],
            [155.081900, -34.777250],
            [155.118750, -34.635190],
            [155.147970, -34.491930],
            [155.169570, -34.347750],
            [155.183530, -34.202920],
            [155.189870, -34.057720],
            [155.188610, -33.912430],
            [155.179800, -33.767310],
            [155.163490, -33.622650],
            [155.139740, -33.478710],
            [155.108650, -33.335760],
            [155.070300, -33.194060],
            [155.024790, -33.053880],
            [154.972250, -32.915470],
            [154.912800, -32.779080],
            [154.846590, -32.644970],
            [154.773750, -32.513370],
            [154.694440, -32.384530],
            [154.608850, -32.258670],
            [154.517140, -32.136020],
            [154.419500, -32.016800],
            [154.316130, -31.901230],
            [154.207220, -31.789490],
            [154.093000, -31.681800],
            [153.973670, -31.578350],
            [153.849470, -31.479300],
            [153.720620, -31.384850],
            [153.587350, -31.295140],
            [153.449920, -31.210350],
            [153.308610, -31.130560],
            [153.308610, -31.130560],
            [153.529440, -30.672220],
            [153.716110, -29.820280],
            [153.836270, -29.795670],
            [153.955100, -29.766660],
            [154.072310, -29.733120],
            [154.187690, -29.695110],
            [154.300990, -29.652730],
            [154.412000, -29.606040],
            [154.520520, -29.555140],
            [154.626320, -29.500130],
            [154.729200, -29.441120],
            [154.828980, -29.378230],
            [154.925450, -29.311570],
            [155.018450, -29.241280],
            [155.107790, -29.167490],
            [155.193310, -29.090350],
            [155.274850, -29.010010],
            [155.352270, -28.926620],
            [155.425430, -28.840340],
            [155.494200, -28.751350],
            [155.558450, -28.659800],
            [155.618080, -28.565870],
            [155.672990, -28.469750],
            [155.723080, -28.371620],
            [155.768270, -28.271660],
            [155.808500, -28.170060],
            [155.843700, -28.067010],
            [155.873810, -27.962720],
            [155.898810, -27.857360],
            [155.918650, -27.751140],
            [155.933320, -27.644260],
            [155.942790, -27.536920],
            [155.947080, -27.429310],
            [155.946190, -27.321630],
            [155.940120, -27.214090],
            [155.928920, -27.106880],
            [155.912620, -27.000190],
            [155.891250, -26.894220],
            [155.864870, -26.789160],
            [155.833550, -26.685210],
            [155.797350, -26.582550],
            [155.756360, -26.481370],
            [155.710650, -26.381850],
            [155.660320, -26.284170],
            [155.605470, -26.188500],
            [155.546220, -26.095020],
            [155.482670, -26.003900],
            [155.414960, -25.915280],
            [155.343200, -25.829350],
            [155.267540, -25.746230],
            [155.188110, -25.666090],
            [155.105070, -25.589070],
            [155.018570, -25.515290],
            [154.928760, -25.444900],
            [154.835800, -25.378010],
            [154.739870, -25.314750],
            [154.641140, -25.255210],
            [154.539790, -25.199520],
            [154.435990, -25.147760],
            [154.329930, -25.100030],
            [154.221790, -25.056400],
            [154.111770, -25.016960],
            [154.000000, -24.981940],
            [153.513330, -23.858330],
            [153.241670, -23.221670],
            [152.047220, -22.255830],
            [151.868890, -21.653330],
            [151.178890, -19.270280],
            [151.178890, -19.270280],
            [148.338890, -19.366940],
            [148.338890, -19.366940],
            [148.335560, -19.401670],
            [148.335560, -19.401670],
            [148.335560, -19.401670],
            [148.327680, -19.463150],
            [148.317150, -19.524270],
            [148.303960, -19.584920],
            [148.288150, -19.645010],
            [148.269720, -19.704430],
            [148.248720, -19.763080],
            [148.225180, -19.820860],
            [148.199120, -19.877670],
            [148.170600, -19.933420],
            [148.139660, -19.988000],
            [148.106340, -20.041330],
            [148.070720, -20.093310],
            [148.032840, -20.143850],
            [147.992760, -20.192870],
            [147.950560, -20.240280],
            [147.950560, -20.240280],
            [147.904700, -20.287900],
            [147.856530, -20.333470],
            [147.806310, -20.377040],
            [147.754140, -20.418530],
            [147.700110, -20.457860],
            [147.644320, -20.494970],
            [147.586870, -20.529770],
            [147.527870, -20.562220],
            [147.467430, -20.592240],
            [147.405660, -20.619770],
            [147.342680, -20.644780],
            [147.278600, -20.667200],
            [147.213540, -20.687010],
            [147.147630, -20.704150],
            [147.080980, -20.718600],
            [147.013730, -20.730340],
            [146.946000, -20.739330],
            [146.877920, -20.745570],
            [146.809610, -20.749040],
            [146.741210, -20.749730],
            [146.672840, -20.747650],
            [146.604620, -20.742790],
            [146.536700, -20.735170],
            [146.469200, -20.724810],
            [146.402230, -20.711710],
            [146.335940, -20.695900],
            [146.270440, -20.677420],
            [146.205860, -20.656300],
            [146.142220, -20.632780],
            [146.142220, -20.632780],
            [145.774440, -21.449170],
            [145.797500, -22.021390],
            [145.797500, -22.021390],
            [145.590560, -21.853890],
            [145.432780, -21.725830],
            [143.895560, -21.728330],
            [143.895560, -21.728330],
            [143.895560, -21.728330],
            [143.895560, -21.728330],
            [142.964720, -22.140280],
            [140.771390, -23.166670],
            [140.771390, -23.166670],
            [140.771390, -23.166670],
            [140.771390, -23.166670],
            [137.013890, -23.166670],
            [137.013890, -23.166670],
            [137.013890, -23.166670],
            [137.837780, -25.017780],
            [138.389720, -26.225280],
            [138.389720, -26.225280],
            [138.389720, -26.225280],
            [140.502220, -27.412220],
            [141.629720, -28.022500],
            [141.629720, -28.022500],
            [141.629720, -28.022500],
            [143.500000, -29.000000],
            [144.416670, -29.000000],
            [146.533330, -29.000000],
            [146.778060, -29.340830],
            [147.982220, -30.979440],
            [147.982220, -30.979440],
            [148.830830, -32.094440],
            [149.498060, -32.625560],
            [150.164080, -33.144560],
            [150.164080, -33.144560],
            [150.164080, -33.144560],
            [150.529720, -33.427500],
            [150.557130, -33.404330],
            [150.585730, -33.382190],
            [150.615430, -33.361120],
            [150.646180, -33.341130],
            [150.677920, -33.322280],
            [150.710590, -33.304590],
            [150.744130, -33.288100],
            [150.778480, -33.272840],
            [150.781670, -33.271390],
            [150.781670, -33.271390],
            [150.816800, -33.257560],
            [150.852590, -33.244980],
            [150.888980, -33.233700],
            [150.925920, -33.223750],
            [150.963320, -33.215140],
            [151.001130, -33.207890],
            [151.039270, -33.202020],
            [151.077670, -33.197530],
            [151.116270, -33.194430],
            [151.154980, -33.192730],
            [151.193750, -33.192430],
            [151.232220, -33.193540],
            [151.271150, -33.196040],
            [151.309650, -33.199940],
            [151.347910, -33.205230],
            [151.385860, -33.211890],
            [151.423450, -33.219920],
            [151.460590, -33.229300],
            [151.497220, -33.240020],
            [151.533270, -33.252050],
            [151.568680, -33.265370],
            [151.603380, -33.279960],
            [151.637310, -33.295790],
            [151.670400, -33.312830],
            [151.702590, -33.331060],
            [151.733820, -33.350430],
            [151.764040, -33.370910],
            [151.793190, -33.392460],
            [151.821210, -33.415050],
            [151.848040, -33.438630],
            [151.873650, -33.463160],
            [151.897980, -33.488590],
            [151.920990, -33.514880],
            [151.942620, -33.541970],
            [151.962850, -33.569820],
            [151.981620, -33.598370],
            [151.998920, -33.627580],
            [152.014690, -33.657390],
            [152.028910, -33.687730],
            [152.041550, -33.718570],
            [152.052600, -33.749830],
            [152.062010, -33.781460],
            [152.069780, -33.813400],
            [152.075890, -33.845590],
            [152.080320, -33.877970],
            [152.083070, -33.910490],
            [152.084130, -33.943070],
            [152.083490, -33.975650],
            [152.081150, -34.008190],
            [152.077120, -34.040610],
            [152.071400, -34.072850],
            [152.064000, -34.104850],
            [152.054940, -34.136560],
            [152.044220, -34.167910],
            [152.031860, -34.198840],
            [152.017900, -34.229300],
            [152.002350, -34.259220],
            [151.985230, -34.288550],
            [151.966590, -34.317240],
            [151.946460, -34.345220],
            [151.924860, -34.372450],
            [151.901850, -34.398870],
            [151.877470, -34.424440],
            [151.851750, -34.449100],
            [151.824720, -34.472780],
            [151.824720, -34.472780],
            [151.824720, -34.472780],
            [151.824720, -34.472780],
            [152.193890, -34.757500],
            [152.930560, -35.316390],
            [152.930560, -35.316390],
            [152.910930, -35.399050],
            [152.886950, -35.480930],
            [152.858730, -35.561920],
            [152.826310, -35.641850],
            [152.789740, -35.720590],
            [152.749070, -35.797990],
            [152.704360, -35.873920],
            [152.655680, -35.948220],
            [152.603120, -36.020780],
            [152.546750, -36.091450],
            [152.486670, -36.160100],
            [152.423060, -36.226670],
            [152.423060, -36.226670],
            [153.813060, -36.491110]
          ]
        ]
      }
    },
      {
      "type": "Feature",
      "properties": {
        "name": "Cape York Sector",
        "short": "YBBE_CS_CTR",
        "type": "CTR",
        "level": "Lower",
        "fir": "YBBB",
        "logon": "YBBE_CS_CTR",
        "frequency": "125.200",
        "rating": "AS3+ / ADC",
        "cpdlc": "YBEC",
        "lower": "FL180",
        "upper": "FL245"
      },
      "geometry": {
        "type": "Polygon",
        "coordinates": [
          [
            [137.013890, -23.166670],
            [137.013890, -23.166670],
            [137.013890, -23.166670],
            [140.771390, -23.166670],
            [140.771390, -23.166670],
            [140.771390, -23.166670],
            [140.771390, -23.166670],
            [142.964720, -22.140280],
            [143.895560, -21.728330],
            [143.895560, -21.728330],
            [143.895560, -21.728330],
            [143.895560, -21.728330],
            [145.432780, -21.725830],
            [145.590560, -21.853890],
            [145.797500, -22.021390],
            [145.797500, -22.021390],
            [145.774440, -21.449170],
            [145.774440, -21.449170],
            [145.774440, -21.449170],
            [145.774440, -21.449170],
            [146.339720, -22.020560],
            [147.469170, -22.520830],
            [148.294440, -22.879170],
            [149.337780, -23.094440],
            [149.337780, -23.094440],
            [149.156670, -22.811670],
            [149.445280, -22.587220],
            [149.445280, -22.587220],
            [149.583330, -22.480000],
            [149.865000, -22.358330],
            [150.011670, -22.242220],
            [150.199720, -22.283330],
            [150.333330, -22.250000],
            [150.424170, -22.209440],
            [150.500000, -22.100000],
            [150.750000, -22.100000],
            [151.033610, -21.987780],
            [151.868890, -21.653330],
            [151.868890, -21.653330],
            [151.868890, -21.653330],
            [151.178890, -19.270280],
            [151.009720, -18.674170],
            [151.075280, -16.971390],
            [151.105830, -16.166390],
            [148.573330, -12.000000],
            [144.703060, -12.000000],
            [144.000000, -12.000000],
            [144.072220, -11.724720],
            [144.026670, -11.500000],
            [144.089170, -9.942780],
            [144.233330, -9.400000],
            [143.875000, -9.133330],
            [142.805000, -9.323330],
            [142.058330, -9.261670],
            [141.033330, -9.616670],
            [141.000000, -9.833330],
            [139.666670, -9.833330],
            [140.000000, -11.608330],
            [140.000000, -14.000000],
            [140.000000, -15.000000],
            [141.043330, -15.308610],
            [140.085000, -19.089720],
            [137.672220, -19.020560],
            [136.233890, -20.732220],
            [136.233890, -20.732220],
            [136.233890, -20.732220],
            [136.373610, -21.858890],
            [136.635280, -22.297220],
            [137.013890, -23.166670]
          ]
        ]
      }
    },
      {
      "type": "Feature",
      "properties": {
        "name": "Brisbane West Sector",
        "short": "YBBW_CTR",
        "type": "CTR",
        "level": "Upper",
        "fir": "YBBB",
        "logon": "YBBW_CTR",
        "frequency": "125.300",
        "rating": "ADC+ / APC",
        "cpdlc": "YBBW",
        "lower": "FL245",
        "upper": "FL660"
      },
      "geometry": {
        "type": "Polygon",
        "coordinates": [
          [
            [126.058999, -23.397000],
            [128.463999, -23.219720],
            [131.840000, -21.202000],
            [136.329000, -21.500000],
            [136.233890, -20.732220],
            [137.672220, -19.020560],
            [140.085000, -19.089720],
            [141.043330, -15.308610],
            [140.000000, -15.000000],
            [140.000000, -14.000000],
            [140.000000, -11.608330],
            [139.666670, -9.833330],
            [139.666670, -9.833330],
            [139.666670, -9.833330],
            [135.000000, -7.000000],
            [126.833000, -9.333000],
            [123.333000, -12.000000],
            [114.500000, -12.000000],
            [115.142000, -14.136999],
            [115.142000, -14.136999],
            [115.142000, -14.136999],
            [118.760280, -17.618610],
            [120.250000, -19.000000],
            [121.673000, -20.054720],
            [124.551000, -21.522000],
            [126.058999, -23.397000]
          ]
        ]
      }
    },
      {
      "type": "Feature",
      "properties": {
        "name": "Brisbane West Sector",
        "short": "YBBW_CTR",
        "type": "CTR",
        "level": "Upper",
        "fir": "YBBB",
        "logon": "YBBW_CTR",
        "frequency": "125.300",
        "rating": "ADC+ / APC",
        "cpdlc": "YBBW",
        "lower": "FL245",
        "upper": "FL660"
      },
      "geometry": {
        "type": "Polygon",
        "coordinates": [
          [
            [126.058999, -23.397000],
            [128.463999, -23.219720],
            [131.840000, -21.202000],
            [136.329000, -21.500000],
            [136.233890, -20.732220],
            [137.672220, -19.020560],
            [140.085000, -19.089720],
            [141.043330, -15.308610],
            [140.000000, -15.000000],
            [140.000000, -14.000000],
            [140.000000, -11.608330],
            [139.666670, -9.833330],
            [139.666670, -9.833330],
            [139.666670, -9.833330],
            [135.000000, -7.000000],
            [126.833000, -9.333000],
            [123.333000, -12.000000],
            [114.500000, -12.000000],
            [115.142000, -14.136999],
            [115.142000, -14.136999],
            [115.142000, -14.136999],
            [118.760280, -17.618610],
            [120.250000, -19.000000],
            [121.673000, -20.054720],
            [124.551000, -21.522000],
            [126.058999, -23.397000]
          ]
        ]
      }
    },
      {
      "type": "Feature",
      "properties": {
        "name": "Kakadu Sector",
        "short": "YBBW_DN_CTR",
        "type": "CTR",
        "level": "Lower",
        "fir": "YBBB",
        "logon": "YBBW_DN_CTR",
        "frequency": "135.100",
        "rating": "AS3+ / ADC",
        "cpdlc": "YBED",
        "lower": "FL180",
        "upper": "FL245"
      },
      "geometry": {
        "type": "Polygon",
        "coordinates": [
          [
          [136.328890, -21.499720],
          [136.328890, -21.499720],
          [136.233890, -20.732220],
          [137.672220, -19.020560],
          [137.672220, -19.020560],
          [140.086110, -19.089720],
          [140.086110, -19.089720],
          [141.043330, -15.308610],
          [140.000000, -15.000000],
          [140.000000, -15.000000],
          [140.000000, -14.000000],
          [140.000000, -14.000000],
          [140.000000, -11.608330],
          [139.666670, -9.833330],
          [139.666670, -9.833330],
          [139.666670, -9.833330],
          [136.000000, -9.833330],
          [136.000000, -9.833330],
          [136.000000, -9.833330],
          [136.000000, -9.833330],
          [131.599440, -9.833330],
          [131.506940, -9.810830],
          [131.506940, -9.810830],
          [131.506940, -9.810830],
          [131.392050, -9.787590],
          [131.276260, -9.769330],
          [131.159790, -9.756020],
          [131.042850, -9.747700],
          [130.925660, -9.744380],
          [130.808430, -9.746060],
          [130.691390, -9.752740],
          [130.574740, -9.764410],
          [130.458690, -9.781050],
          [130.343480, -9.802620],
          [130.229290, -9.829090],
          [130.116350, -9.860410],
          [130.004860, -9.896520],
          [129.895030, -9.937360],
          [129.787060, -9.982840],
          [129.681150, -10.032890],
          [129.577220, -10.087410],
          [129.476290, -10.146310],
          [129.377720, -10.209460],
          [129.281960, -10.276770],
          [129.189170, -10.348060],
          [129.189170, -10.348060],
          [126.323610, -12.434170],
          [128.019720, -12.665280],
          [128.019720, -12.665280],
          [128.032650, -12.788410],
          [128.050860, -12.910900],
          [128.074510, -13.032490],
          [128.103540, -13.152950],
          [128.137920, -13.272060],
          [128.177590, -13.389590],
          [128.222470, -13.505300],
          [128.272500, -13.618990],
          [128.327580, -13.730440],
          [128.387610, -13.839420],
          [128.452490, -13.945730],
          [128.522100, -14.049170],
          [128.596310, -14.149530],
          [128.674980, -14.246630],
          [128.757970, -14.340270],
          [128.845120, -14.430280],
          [128.936280, -14.516470],
          [129.031260, -14.598690],
          [129.129890, -14.676760],
          [129.231980, -14.750550],
          [129.337330, -14.819900],
          [129.445750, -14.884680],
          [129.557020, -14.944760],
          [129.670930, -15.000030],
          [129.787260, -15.050380],
          [129.905830, -15.095560],
          [129.905830, -15.095560],
          [129.905830, -15.095560],
          [129.909170, -15.255560],
          [129.909170, -15.255560],
          [129.943420, -15.358850],
          [129.982440, -15.460550],
          [130.025990, -15.560500],
          [130.074000, -15.658530],
          [130.126380, -15.754450],
          [130.183040, -15.848070],
          [130.243880, -15.939220],
          [130.308780, -16.027720],
          [130.377630, -16.113400],
          [130.450310, -16.196110],
          [130.526670, -16.275670],
          [130.606580, -16.351950],
          [130.689890, -16.424790],
          [130.776440, -16.494050],
          [130.866070, -16.559610],
          [130.958610, -16.621330],
          [131.053890, -16.679090],
          [131.151720, -16.732790],
          [131.251920, -16.782320],
          [131.354290, -16.827580],
          [131.458650, -16.868490],
          [131.564780, -16.904960],
          [131.612500, -16.919440],
          [131.612500, -16.919440],
          [131.612500, -16.919440],
          [131.612500, -16.919440],
          [131.500000, -17.176390],
          [131.500000, -19.000000],
          [131.500000, -19.000000],
          [131.500000, -19.000000],
          [131.500000, -19.000000],
          [131.913610, -21.184440],
          [131.918330, -21.208890],
          [136.328890, -21.499720]
          ]
        ]
      }
    },
{
      "type": "Feature",
      "properties": {
        "name": "Derby Sector",
        "short": "YBBW_RM_CTR",
        "type": "CTR",
        "level": "Lower",
        "fir": "YBBB",
        "logon": "YBBW_RM_CTR",
        "frequency": "123.900",
        "rating": "AS3+ / ADC",
        "cpdlc": "YBER",
        "lower": "FL180",
        "upper": "FL245"
      },
      "geometry": {
        "type": "Polygon",
        "coordinates": [
          [
[126.059000, -23.397000],
[128.464000, -23.219720],
[131.840000, -21.202000],
[131.918330, -21.208890],
[131.913610, -21.184440],
[131.500000, -19.000000],
[131.500000, -19.000000],
[131.500000, -19.000000],
[131.500000, -19.000000],
[131.500000, -17.176390],
[131.612500, -16.919440],
[131.612500, -16.919440],
[131.612500, -16.919440],
[131.612500, -16.919440],
[131.564780, -16.904960],
[131.458650, -16.868490],
[131.354290, -16.827580],
[131.251920, -16.782320],
[131.151720, -16.732790],
[131.053890, -16.679090],
[130.958610, -16.621330],
[130.866070, -16.559610],
[130.776440, -16.494050],
[130.689890, -16.424790],
[130.606580, -16.351950],
[130.526670, -16.275670],
[130.450310, -16.196110],
[130.377630, -16.113400],
[130.308780, -16.027720],
[130.243880, -15.939220],
[130.183040, -15.848070],
[130.126380, -15.754450],
[130.074000, -15.658530],
[130.025990, -15.560500],
[129.982440, -15.460550],
[129.943420, -15.358850],
[129.909170, -15.255560],
[129.909170, -15.255560],
[129.905830, -15.095560],
[129.905830, -15.095560],
[129.905830, -15.095560],
[129.787260, -15.050380],
[129.670930, -15.000030],
[129.557020, -14.944760],
[129.445750, -14.884680],
[129.337330, -14.819900],
[129.231980, -14.750550],
[129.129890, -14.676760],
[129.031260, -14.598690],
[128.936280, -14.516470],
[128.845120, -14.430280],
[128.757970, -14.340270],
[128.674980, -14.246630],
[128.596310, -14.149530],
[128.522100, -14.049170],
[128.452490, -13.945730],
[128.387610, -13.839420],
[128.327580, -13.730440],
[128.272500, -13.618990],
[128.222470, -13.505300],
[128.177590, -13.389590],
[128.137920, -13.272060],
[128.103540, -13.152950],
[128.074510, -13.032490],
[128.050860, -12.910900],
[128.032650, -12.788410],
[128.019720, -12.665280],
[128.019720, -12.665280],
[126.323610, -12.434170],
[126.323610, -12.434170],
[126.323610, -12.434170],
[123.631110, -14.337220],
[120.929170, -16.184720],
[118.759440, -17.619720],
[120.250000, -19.000000],
[121.673000, -20.054720],
[124.551000, -21.522000],
[126.059000, -23.397000]
          ]
        ]
      }
    },
{
      "type": "Feature",
      "properties": {
        "name": "Moresby Centre Sector",
        "short": "AYPM_CTR",
        "type": "CTR",
        "level": "Upper",
        "fir": "AYPM",
        "logon": "AYPM_CTR",
        "frequency": "123.400",
        "rating": "ADC",
        "cpdlc": "AYPM",
        "lower": "FL245",
        "upper": "FL660"
      },
      "geometry": {
        "type": "Polygon",
        "coordinates": [
          [
[141.00000, 0.00000],
[160.00000, 0.00000],
[160.00000, -4.83333],
[159.00000, -4.83333],
[156.03583, -6.55000],
[156.03333, -6.63333],
[156.02500, -6.68333],
[155.90833, -6.85333],
[155.70333, -6.93000],
[155.58000, -6.92833],
[155.00000, -7.31667],
[155.00000, -12.00000],
[144.00000, -12.00000],
[144.07222, -11.72500],
[144.02667, -11.50000],
[144.08917, -9.94278],
[144.23333, -9.40000],
[143.87500, -9.13333],
[142.80500, -9.32333],
[142.73167, -9.33833],
[142.69500, -9.34000],
[142.59167, -9.35667],
[142.55833, -9.37667],
[142.52500, -9.36333],
[142.49500, -9.36833],
[142.34500, -9.26833],
[142.27333, -9.23167],
[142.23500, -9.19333],
[142.21500, -9.19000],
[142.17167, -9.20000],
[142.14333, -9.19833],
[142.10667, -9.21333],
[142.05833, -9.26167],
[141.03333, -9.61667],
[141.01833, -9.19167],
[141.01833, -6.89278],
[140.89833, -6.84222],
[140.87028, -6.60417],
[140.93056, -6.46778],
[141.00000, -6.32056],
[141.00000, -2.55500],
[141.00000, 0.00000]
          ]
        ]
      }
    },
{
      "type": "Feature",
      "properties": {
        "name": "Auckland Control Sector",
        "short": "NZZC_CTR",
        "type": "CTR",
        "level": "Upper",
        "fir": "NZZC",
        "logon": "NZZC_CTR",
        "frequency": "123.900",
        "rating": "ADC+ / APC",
        "cpdlc": "NZZC",
        "lower": "FL245",
        "upper": "FL600"
      },
      "geometry": {
        "type": "Polygon",
        "coordinates": [
          [
[168.26667, -48.14972],
[173.13240, -44.40508],
[175.05000, -42.85833],
[175.85611, -42.19528],
[178.53000, -40.00000],
[180.26667, -38.45000],
[178.93581, -37.54153],
[178.93581, -37.54153],
[178.94547, -37.48383],
[178.95373, -37.42599],
[178.96072, -37.36804],
[178.96644, -37.31001],
[178.97088, -37.25190],
[178.97404, -37.19374],
[178.97594, -37.13554],
[178.97657, -37.07733],
[178.97593, -37.01912],
[178.97403, -36.96092],
[178.97087, -36.90276],
[178.96645, -36.84464],
[178.96078, -36.78660],
[178.95387, -36.72865],
[178.94571, -36.67080],
[178.93632, -36.61308],
[178.92569, -36.55549],
[178.91384, -36.49806],
[178.90077, -36.44080],
[178.88649, -36.38373],
[178.87100, -36.32687],
[178.85432, -36.27024],
[178.83644, -36.21384],
[178.81738, -36.15770],
[178.79714, -36.10184],
[178.77574, -36.04627],
[178.75318, -35.99100],
[178.72947, -35.93605],
[178.70462, -35.88145],
[178.67864, -35.82720],
[178.65153, -35.77332],
[178.62332, -35.71982],
[178.59401, -35.66673],
[178.56360, -35.61405],
[178.53212, -35.56180],
[178.49957, -35.51001],
[178.46597, -35.45867],
[178.43132, -35.40781],
[178.39563, -35.35744],
[178.35893, -35.30758],
[178.32121, -35.25823],
[178.28222, -35.20942],
[178.24280, -35.16116],
[178.20214, -35.11346],
[178.16052, -35.06633],
[178.11795, -35.01979],
[178.07445, -34.97385],
[178.03003, -34.92853],
[177.98471, -34.88383],
[177.93851, -34.83977],
[177.89142, -34.79637],
[177.84348, -34.75363],
[177.79469, -34.71156],
[177.74507, -34.67019],
[177.69463, -34.62951],
[177.64340, -34.58954],
[177.59137, -34.55029],
[177.53858, -34.51178],
[177.48504, -34.47401],
[177.43075, -34.43700],
[177.37574, -34.40075],
[177.32003, -34.36527],
[177.26362, -34.33058],
[177.20654, -34.29668],
[177.14881, -34.26358],
[177.09043, -34.23130],
[177.03143, -34.19984],
[176.97182, -34.16920],
[176.91162, -34.13941],
[176.85084, -34.11046],
[176.78951, -34.08237],
[176.72764, -34.05514],
[176.66525, -34.02877],
[176.60235, -34.00329],
[176.53897, -33.97869],
[176.47512, -33.95497],
[176.41081, -33.93216],
[176.34608, -33.91025],
[176.28092, -33.88925],
[176.21537, -33.86916],
[176.14944, -33.84999],
[176.08315, -33.83175],
[176.01651, -33.81444],
[175.94955, -33.79807],
[175.88228, -33.78263],
[175.81472, -33.76814],
[175.74690, -33.75459],
[175.67882, -33.74200],
[175.61050, -33.73036],
[175.54197, -33.71969],
[175.47325, -33.70997],
[175.40435, -33.70121],
[175.33528, -33.69343],
[175.26608, -33.68661],
[175.19676, -33.68076],
[175.12733, -33.67588],
[175.05782, -33.67197],
[174.98824, -33.66904],
[174.91861, -33.66708],
[174.84896, -33.66610],
[174.77930, -33.66610],
[174.70964, -33.66707],
[174.64002, -33.66901],
[174.57044, -33.67193],
[174.50093, -33.67583],
[174.43150, -33.68069],
[174.36217, -33.68653],
[174.29297, -33.69334],
[174.22391, -33.70112],
[174.15500, -33.70986],
[174.08627, -33.71957],
[174.01774, -33.73023],
[173.94943, -33.74186],
[173.88134, -33.75444],
[173.81351, -33.76797],
[173.74595, -33.78245],
[173.67868, -33.79788],
[173.61171, -33.81424],
[173.54507, -33.83154],
[173.47878, -33.84977],
[173.41284, -33.86893],
[173.34728, -33.88901],
[173.28213, -33.90972],
[173.21738, -33.93190],
[173.15308, -33.95470],
[173.08922, -33.97840],
[173.02583, -34.00299],
[172.96293, -34.02847],
[172.90053, -34.05482],
[172.83865, -34.08204],
[172.77732, -34.11013],
[172.71654, -34.13907],
[172.65633, -34.16885],
[172.59671, -34.19947],
[172.53770, -34.23093],
[172.47932, -34.26320],
[172.42157, -34.29629],
[172.36449, -34.33018],
[172.30807, -34.36486],
[172.25235, -34.40033],
[172.19733, -34.43657],
[172.14304, -34.47358],
[172.08948, -34.51134],
[172.03668, -34.54984],
[171.98465, -34.58908],
[171.93341, -34.62904],
[171.88296, -34.66971],
[171.83333, -34.71108],
[171.78453, -34.75313],
[171.73658, -34.79587],
[171.68948, -34.83926],
[171.64327, -34.88331],
[171.59794, -34.92800],
[171.55351, -34.97332],
[171.50972, -35.01925],
[171.46742, -35.06578],
[171.42579, -35.11290],
[171.38511, -35.16060],
[171.34540, -35.20885],
[171.30668, -35.25766],
[171.26895, -35.30700],
[171.23224, -35.35685],
[171.19654, -35.40722],
[171.16188, -35.45807],
[171.12826, -35.50940],
[171.09570, -35.56120],
[171.06420, -35.61344],
[171.03379, -35.66611],
[171.00446, -35.71920],
[170.97623, -35.77269],
[170.94912, -35.82656],
[170.92313, -35.88081],
[170.89826, -35.93541],
[170.87454, -35.99035],
[170.85196, -36.04562],
[170.83055, -36.10119],
[170.81030, -36.15705],
[170.79122, -36.21318],
[170.77333, -36.26957],
[170.75663, -36.32621],
[170.74113, -36.38307],
[170.72683, -36.44013],
[170.71375, -36.49739],
[170.70188, -36.55482],
[170.69124, -36.61240],
[170.68184, -36.67013],
[170.67367, -36.72797],
[170.66674, -36.78593],
[170.66105, -36.84397],
[170.65662, -36.90208],
[170.65345, -36.96024],
[170.65153, -37.01844],
[170.65088, -37.07665],
[170.65149, -37.13486],
[170.65337, -37.19306],
[170.65652, -37.25122],
[170.66095, -37.30933],
[170.66665, -37.36736],
[170.67362, -37.42531],
[170.68187, -37.48315],
[170.69140, -37.54087],
[170.70221, -37.59844],
[170.71429, -37.65585],
[170.72765, -37.71309],
[170.74228, -37.77013],
[170.75819, -37.82695],
[170.77536, -37.88354],
[170.79381, -37.93989],
[170.81352, -37.99597],
[170.83449, -38.05176],
[170.85673, -38.10725],
[170.88021, -38.16242],
[170.90495, -38.21725],
[170.93093, -38.27173],
[170.95815, -38.32584],
[170.98661, -38.37956],
[171.01629, -38.43287],
[171.04720, -38.48576],
[171.07931, -38.53820],
[171.11264, -38.59020],
[171.14716, -38.64171],
[171.18286, -38.69274],
[171.21975, -38.74325],
[171.25781, -38.79325],
[171.29703, -38.84270],
[171.33741, -38.89160],
[171.37892, -38.93993],
[171.42156, -38.98766],
[171.46531, -39.03480],
[171.51017, -39.08131],
[171.55603, -39.12725],
[171.55603, -39.12725],
[171.55603, -39.12725],
[171.55603, -39.12725],
[171.55603, -39.12725],
[171.50668, -39.16986],
[171.45822, -39.21309],
[171.41065, -39.25695],
[171.36400, -39.30142],
[171.31829, -39.34648],
[171.27352, -39.39214],
[171.22970, -39.43836],
[171.18686, -39.48514],
[171.14501, -39.53248],
[171.10415, -39.58034],
[171.06431, -39.62873],
[171.02549, -39.67763],
[170.98772, -39.72702],
[170.95099, -39.77690],
[170.91532, -39.82724],
[170.88074, -39.87804],
[170.84723, -39.92927],
[170.81483, -39.98094],
[170.78354, -40.03301],
[170.75336, -40.08548],
[170.72432, -40.13834],
[170.69643, -40.19156],
[170.66968, -40.24514],
[170.64410, -40.29905],
[170.61969, -40.35329],
[170.59647, -40.40783],
[170.57444, -40.46267],
[170.55361, -40.51778],
[170.53399, -40.57315],
[170.51558, -40.62877],
[170.49841, -40.68462],
[170.48247, -40.74068],
[170.46777, -40.79694],
[170.45433, -40.85338],
[170.44214, -40.90999],
[170.43121, -40.96674],
[170.42155, -41.02363],
[170.41317, -41.08064],
[170.40608, -41.13774],
[170.40026, -41.19493],
[170.39575, -41.25218],
[170.39252, -41.30948],
[170.39060, -41.36682],
[170.38972, -41.42417],
[170.38972, -41.42417],
[165.30000, -45.91667],
[168.26667, -48.14972]
          ]
        ]
      }
    },
{
      "type": "Feature",
      "properties": {
        "name": "Auckland North Sector",
        "short": "NZZC_N_CTR",
        "type": "CTR",
        "level": "Upper",
        "fir": "NZZC",
        "logon": "NZZC_N_CTR",
        "frequency": "125.700",
        "rating": "ADC",
        "cpdlc": "NZZN",
        "lower": "FL245",
        "upper": "FL600"
      },
      "geometry": {
        "type": "Polygon",
        "coordinates": [
          [
[175.05000, -42.85833],
[175.85611, -42.19528],
[178.53000, -40.00000],
[180.26667, -38.45000],
[178.93581, -37.54153],
[178.93581, -37.54153],
[178.94547, -37.48383],
[178.95373, -37.42599],
[178.96072, -37.36804],
[178.96644, -37.31001],
[178.97088, -37.25190],
[178.97404, -37.19374],
[178.97594, -37.13554],
[178.97657, -37.07733],
[178.97593, -37.01912],
[178.97403, -36.96092],
[178.97087, -36.90276],
[178.96645, -36.84464],
[178.96078, -36.78660],
[178.95387, -36.72865],
[178.94571, -36.67080],
[178.93632, -36.61308],
[178.92569, -36.55549],
[178.91384, -36.49806],
[178.90077, -36.44080],
[178.88649, -36.38373],
[178.87100, -36.32687],
[178.85432, -36.27024],
[178.83644, -36.21384],
[178.81738, -36.15770],
[178.79714, -36.10184],
[178.77574, -36.04627],
[178.75318, -35.99100],
[178.72947, -35.93605],
[178.70462, -35.88145],
[178.67864, -35.82720],
[178.65153, -35.77332],
[178.62332, -35.71982],
[178.59401, -35.66673],
[178.56360, -35.61405],
[178.53212, -35.56180],
[178.49957, -35.51001],
[178.46597, -35.45867],
[178.43132, -35.40781],
[178.39563, -35.35744],
[178.35893, -35.30758],
[178.32121, -35.25823],
[178.28222, -35.20942],
[178.24280, -35.16116],
[178.20214, -35.11346],
[178.16052, -35.06633],
[178.11795, -35.01979],
[178.07445, -34.97385],
[178.03003, -34.92853],
[177.98471, -34.88383],
[177.93851, -34.83977],
[177.89142, -34.79637],
[177.84348, -34.75363],
[177.79469, -34.71156],
[177.74507, -34.67019],
[177.69463, -34.62951],
[177.64340, -34.58954],
[177.59137, -34.55029],
[177.53858, -34.51178],
[177.48504, -34.47401],
[177.43075, -34.43700],
[177.37574, -34.40075],
[177.32003, -34.36527],
[177.26362, -34.33058],
[177.20654, -34.29668],
[177.14881, -34.26358],
[177.09043, -34.23130],
[177.03143, -34.19984],
[176.97182, -34.16920],
[176.91162, -34.13941],
[176.85084, -34.11046],
[176.78951, -34.08237],
[176.72764, -34.05514],
[176.66525, -34.02877],
[176.60235, -34.00329],
[176.53897, -33.97869],
[176.47512, -33.95497],
[176.41081, -33.93216],
[176.34608, -33.91025],
[176.28092, -33.88925],
[176.21537, -33.86916],
[176.14944, -33.84999],
[176.08315, -33.83175],
[176.01651, -33.81444],
[175.94955, -33.79807],
[175.88228, -33.78263],
[175.81472, -33.76814],
[175.74690, -33.75459],
[175.67882, -33.74200],
[175.61050, -33.73036],
[175.54197, -33.71969],
[175.47325, -33.70997],
[175.40435, -33.70121],
[175.33528, -33.69343],
[175.26608, -33.68661],
[175.19676, -33.68076],
[175.12733, -33.67588],
[175.05782, -33.67197],
[174.98824, -33.66904],
[174.91861, -33.66708],
[174.84896, -33.66610],
[174.77930, -33.66610],
[174.70964, -33.66707],
[174.64002, -33.66901],
[174.57044, -33.67193],
[174.50093, -33.67583],
[174.43150, -33.68069],
[174.36217, -33.68653],
[174.29297, -33.69334],
[174.22391, -33.70112],
[174.15500, -33.70986],
[174.08627, -33.71957],
[174.01774, -33.73023],
[173.94943, -33.74186],
[173.88134, -33.75444],
[173.81351, -33.76797],
[173.74595, -33.78245],
[173.67868, -33.79788],
[173.61171, -33.81424],
[173.54507, -33.83154],
[173.47878, -33.84977],
[173.41284, -33.86893],
[173.34728, -33.88901],
[173.28213, -33.90972],
[173.21738, -33.93190],
[173.15308, -33.95470],
[173.08922, -33.97840],
[173.02583, -34.00299],
[172.96293, -34.02847],
[172.90053, -34.05482],
[172.83865, -34.08204],
[172.77732, -34.11013],
[172.71654, -34.13907],
[172.65633, -34.16885],
[172.59671, -34.19947],
[172.53770, -34.23093],
[172.47932, -34.26320],
[172.42157, -34.29629],
[172.36449, -34.33018],
[172.30807, -34.36486],
[172.25235, -34.40033],
[172.19733, -34.43657],
[172.14304, -34.47358],
[172.08948, -34.51134],
[172.03668, -34.54984],
[171.98465, -34.58908],
[171.93341, -34.62904],
[171.88296, -34.66971],
[171.83333, -34.71108],
[171.78453, -34.75313],
[171.73658, -34.79587],
[171.68948, -34.83926],
[171.64327, -34.88331],
[171.59794, -34.92800],
[171.55351, -34.97332],
[171.50972, -35.01925],
[171.46742, -35.06578],
[171.42579, -35.11290],
[171.38511, -35.16060],
[171.34540, -35.20885],
[171.30668, -35.25766],
[171.26895, -35.30700],
[171.23224, -35.35685],
[171.19654, -35.40722],
[171.16188, -35.45807],
[171.12826, -35.50940],
[171.09570, -35.56120],
[171.06420, -35.61344],
[171.03379, -35.66611],
[171.00446, -35.71920],
[170.97623, -35.77269],
[170.94912, -35.82656],
[170.92313, -35.88081],
[170.89826, -35.93541],
[170.87454, -35.99035],
[170.85196, -36.04562],
[170.83055, -36.10119],
[170.81030, -36.15705],
[170.79122, -36.21318],
[170.77333, -36.26957],
[170.75663, -36.32621],
[170.74113, -36.38307],
[170.72683, -36.44013],
[170.71375, -36.49739],
[170.70188, -36.55482],
[170.69124, -36.61240],
[170.68184, -36.67013],
[170.67367, -36.72797],
[170.66674, -36.78593],
[170.66105, -36.84397],
[170.65662, -36.90208],
[170.65345, -36.96024],
[170.65153, -37.01844],
[170.65088, -37.07665],
[170.65149, -37.13486],
[170.65337, -37.19306],
[170.65652, -37.25122],
[170.66095, -37.30933],
[170.66665, -37.36736],
[170.67362, -37.42531],
[170.68187, -37.48315],
[170.69140, -37.54087],
[170.70221, -37.59844],
[170.71429, -37.65585],
[170.72765, -37.71309],
[170.74228, -37.77013],
[170.75819, -37.82695],
[170.77536, -37.88354],
[170.79381, -37.93989],
[170.81352, -37.99597],
[170.83449, -38.05176],
[170.85673, -38.10725],
[170.88021, -38.16242],
[170.90495, -38.21725],
[170.93093, -38.27173],
[170.95815, -38.32584],
[170.98661, -38.37956],
[171.01629, -38.43287],
[171.04720, -38.48576],
[171.07931, -38.53820],
[171.11264, -38.59020],
[171.14716, -38.64171],
[171.18286, -38.69274],
[171.21975, -38.74325],
[171.25781, -38.79325],
[171.29703, -38.84270],
[171.33741, -38.89160],
[171.37892, -38.93993],
[171.42156, -38.98766],
[171.46531, -39.03480],
[171.51017, -39.08131],
[171.55603, -39.12725],
[171.55603, -39.12725],
[171.55603, -39.12725],
[171.55603, -39.12725],
[171.55603, -39.12725],
[171.50668, -39.16986],
[171.45822, -39.21309],
[171.41065, -39.25695],
[171.36400, -39.30142],
[171.31829, -39.34648],
[171.27352, -39.39214],
[171.22970, -39.43836],
[171.18686, -39.48514],
[171.14501, -39.53248],
[171.10415, -39.58034],
[171.06431, -39.62873],
[171.02549, -39.67763],
[170.98772, -39.72702],
[170.95099, -39.77690],
[170.91532, -39.82724],
[170.88074, -39.87804],
[170.84723, -39.92927],
[170.81483, -39.98094],
[170.78354, -40.03301],
[170.75336, -40.08548],
[170.72432, -40.13834],
[170.69643, -40.19156],
[170.66968, -40.24514],
[170.64410, -40.29905],
[170.61969, -40.35329],
[170.59647, -40.40783],
[170.57444, -40.46267],
[170.55361, -40.51778],
[170.53399, -40.57315],
[170.51558, -40.62877],
[170.49841, -40.68462],
[170.48247, -40.74068],
[170.46777, -40.79694],
[170.45433, -40.85338],
[170.44214, -40.90999],
[170.43121, -40.96674],
[170.42155, -41.02363],
[170.41317, -41.08064],
[170.40608, -41.13774],
[170.40026, -41.19493],
[170.39575, -41.25218],
[170.39252, -41.30948],
[170.39060, -41.36682],
[170.38972, -41.42417],
[170.38972, -41.42417]
          ]
        ]
      }
    },
{
      "type": "Feature",
      "properties": {
        "name": "Christchurch Sector",
        "short": "NZZC_S_CTR",
        "type": "CTR",
        "level": "Upper",
        "fir": "NZZC",
        "logon": "NZZC_S_CTR",
        "frequency": "129.300",
        "rating": "ADC",
        "cpdlc": "NZZS",
        "lower": "FL245",
        "upper": "FL600"
      },
      "geometry": {
        "type": "Polygon",
        "coordinates": [
          [
           [168.26667, -48.14972],
           [175.85611, -42.19528],
           [170.38806, -41.42417],
           [165.3, -45.91667],
           [168.26667, -48.14972]
         ]
       ]
      }
    },
    {
      "type": "Feature",
      "properties": {
        "name": "North Cape Sector",
        "short": "NZZC_R_CTR",
        "type": "CTR",
        "level": "Lower",
        "fir": "NZZC",
        "logon": "NZZC_R_CTR",
        "frequency": "126.000",
        "rating": "AS3+ / ADC",
        "cpdlc": "NZZR",
        "lower": "9500ft",
        "upper": "FL245"
      },
      "geometry": {
        "type": "Polygon",
        "coordinates": [
          [
[174.90972, -39.21972],
[175.31000, -38.92000],
[175.37000, -38.92972],
[175.57363, -38.92972],
[175.75972, -37.92972],
[175.36000, -37.47972],
[175.68972, -37.25000],
[175.71000, -37.21972],
[175.72972, -37.13000],
[175.74000, -37.06000],
[175.75000, -36.96972],
[178.93581, -37.54153],
[178.93581, -37.54153],
[178.94547, -37.48383],
[178.95373, -37.42599],
[178.96072, -37.36804],
[178.96644, -37.31001],
[178.97088, -37.25190],
[178.97404, -37.19374],
[178.97594, -37.13554],
[178.97657, -37.07733],
[178.97593, -37.01912],
[178.97403, -36.96092],
[178.97087, -36.90276],
[178.96645, -36.84464],
[178.96078, -36.78660],
[178.95387, -36.72865],
[178.94571, -36.67080],
[178.93632, -36.61308],
[178.92569, -36.55549],
[178.91384, -36.49806],
[178.90077, -36.44080],
[178.88649, -36.38373],
[178.87100, -36.32687],
[178.85432, -36.27024],
[178.83644, -36.21384],
[178.81738, -36.15770],
[178.79714, -36.10184],
[178.77574, -36.04627],
[178.75318, -35.99100],
[178.72947, -35.93605],
[178.70462, -35.88145],
[178.67864, -35.82720],
[178.65153, -35.77332],
[178.62332, -35.71982],
[178.59401, -35.66673],
[178.56360, -35.61405],
[178.53212, -35.56180],
[178.49957, -35.51001],
[178.46597, -35.45867],
[178.43132, -35.40781],
[178.39563, -35.35744],
[178.35893, -35.30758],
[178.32121, -35.25823],
[178.28222, -35.20942],
[178.24280, -35.16116],
[178.20214, -35.11346],
[178.16052, -35.06633],
[178.11795, -35.01979],
[178.07445, -34.97385],
[178.03003, -34.92853],
[177.98471, -34.88383],
[177.93851, -34.83977],
[177.89142, -34.79637],
[177.84348, -34.75363],
[177.79469, -34.71156],
[177.74507, -34.67019],
[177.69463, -34.62951],
[177.64340, -34.58954],
[177.59137, -34.55029],
[177.53858, -34.51178],
[177.48504, -34.47401],
[177.43075, -34.43700],
[177.37574, -34.40075],
[177.32003, -34.36527],
[177.26362, -34.33058],
[177.20654, -34.29668],
[177.14881, -34.26358],
[177.09043, -34.23130],
[177.03143, -34.19984],
[176.97182, -34.16920],
[176.91162, -34.13941],
[176.85084, -34.11046],
[176.78951, -34.08237],
[176.72764, -34.05514],
[176.66525, -34.02877],
[176.60235, -34.00329],
[176.53897, -33.97869],
[176.47512, -33.95497],
[176.41081, -33.93216],
[176.34608, -33.91025],
[176.28092, -33.88925],
[176.21537, -33.86916],
[176.14944, -33.84999],
[176.08315, -33.83175],
[176.01651, -33.81444],
[175.94955, -33.79807],
[175.88228, -33.78263],
[175.81472, -33.76814],
[175.74690, -33.75459],
[175.67882, -33.74200],
[175.61050, -33.73036],
[175.54197, -33.71969],
[175.47325, -33.70997],
[175.40435, -33.70121],
[175.33528, -33.69343],
[175.26608, -33.68661],
[175.19676, -33.68076],
[175.12733, -33.67588],
[175.05782, -33.67197],
[174.98824, -33.66904],
[174.91861, -33.66708],
[174.84896, -33.66610],
[174.77930, -33.66610],
[174.70964, -33.66707],
[174.64002, -33.66901],
[174.57044, -33.67193],
[174.50093, -33.67583],
[174.43150, -33.68069],
[174.36217, -33.68653],
[174.29297, -33.69334],
[174.22391, -33.70112],
[174.15500, -33.70986],
[174.08627, -33.71957],
[174.01774, -33.73023],
[173.94943, -33.74186],
[173.88134, -33.75444],
[173.81351, -33.76797],
[173.74595, -33.78245],
[173.67868, -33.79788],
[173.61171, -33.81424],
[173.54507, -33.83154],
[173.47878, -33.84977],
[173.41284, -33.86893],
[173.34728, -33.88901],
[173.28213, -33.90972],
[173.21738, -33.93190],
[173.15308, -33.95470],
[173.08922, -33.97840],
[173.02583, -34.00299],
[172.96293, -34.02847],
[172.90053, -34.05482],
[172.83865, -34.08204],
[172.77732, -34.11013],
[172.71654, -34.13907],
[172.65633, -34.16885],
[172.59671, -34.19947],
[172.53770, -34.23093],
[172.47932, -34.26320],
[172.42157, -34.29629],
[172.36449, -34.33018],
[172.30807, -34.36486],
[172.25235, -34.40033],
[172.19733, -34.43657],
[172.14304, -34.47358],
[172.08948, -34.51134],
[172.03668, -34.54984],
[171.98465, -34.58908],
[171.93341, -34.62904],
[171.88296, -34.66971],
[171.83333, -34.71108],
[171.78453, -34.75313],
[171.73658, -34.79587],
[171.68948, -34.83926],
[171.64327, -34.88331],
[171.59794, -34.92800],
[171.55351, -34.97332],
[171.50972, -35.01925],
[171.46742, -35.06578],
[171.42579, -35.11290],
[171.38511, -35.16060],
[171.34540, -35.20885],
[171.30668, -35.25766],
[171.26895, -35.30700],
[171.23224, -35.35685],
[171.19654, -35.40722],
[171.16188, -35.45807],
[171.12826, -35.50940],
[171.09570, -35.56120],
[171.06420, -35.61344],
[171.03379, -35.66611],
[171.00446, -35.71920],
[170.97623, -35.77269],
[170.94912, -35.82656],
[170.92313, -35.88081],
[170.89826, -35.93541],
[170.87454, -35.99035],
[170.85196, -36.04562],
[170.83055, -36.10119],
[170.81030, -36.15705],
[170.79122, -36.21318],
[170.77333, -36.26957],
[170.75663, -36.32621],
[170.74113, -36.38307],
[170.72683, -36.44013],
[170.71375, -36.49739],
[170.70188, -36.55482],
[170.69124, -36.61240],
[170.68184, -36.67013],
[170.67367, -36.72797],
[170.66674, -36.78593],
[170.66105, -36.84397],
[170.65662, -36.90208],
[170.65345, -36.96024],
[170.65153, -37.01844],
[170.65088, -37.07665],
[170.65149, -37.13486],
[170.65337, -37.19306],
[170.65652, -37.25122],
[170.66095, -37.30933],
[170.66665, -37.36736],
[170.67362, -37.42531],
[170.68187, -37.48315],
[170.69140, -37.54087],
[170.70221, -37.59844],
[170.71429, -37.65585],
[170.72765, -37.71309],
[170.74228, -37.77013],
[170.75819, -37.82695],
[170.77536, -37.88354],
[170.79381, -37.93989],
[170.81352, -37.99597],
[170.83449, -38.05176],
[170.85673, -38.10725],
[170.88021, -38.16242],
[170.90495, -38.21725],
[170.93093, -38.27173],
[170.95815, -38.32584],
[170.98661, -38.37956],
[171.01629, -38.43287],
[171.04720, -38.48576],
[171.07931, -38.53820],
[171.11264, -38.59020],
[171.14716, -38.64171],
[171.18286, -38.69274],
[171.21975, -38.74325],
[171.25781, -38.79325],
[171.29703, -38.84270],
[171.33741, -38.89160],
[171.37892, -38.93993],
[171.42156, -38.98766],
[171.46531, -39.03480],
[171.51017, -39.08131],
[171.55603, -39.12725],
[171.55603, -39.12725],
[171.55603, -39.12725],
[171.55603, -39.12725],
[171.56000, -39.13000],
[174.18000, -39.00000],
[174.90972, -39.21972]
         ]
       ]
      }
    },
    {
      "type": "Feature",
      "properties": {
        "name": "Placeholder Sector",
        "short": "NZZC_S_CTR",
        "type": "CTR",
        "level": "Upper",
        "fir": "NZZC",
        "logon": "NZZC_S_CTR",
        "frequency": "129.300",
        "rating": "ADC",
        "cpdlc": "NZZS",
        "lower": "FL245",
        "upper": "FL600"
      },
      "geometry": {
        "type": "Polygon",
        "coordinates": [
          [
           [168.26667, -48.14972],
           [175.85611, -42.19528],
           [170.38806, -41.42417],
           [165.3, -45.91667],
           [168.26667, -48.14972]
         ]
       ]
      }
    },
    {
      "type": "Feature",
      "properties": {
        "name": "Hawke’s Bay Sector",
        "short": "NZZC_O_CTR",
        "type": "CTR",
        "level": "Lower",
        "fir": "NZZC",
        "logon": "NZZC_O_CTR",
        "frequency": "126.200",
        "rating": "AS3+ / ADC",
        "cpdlc": "NZOZ",
        "lower": "9500ft",
        "upper": "FL245"
      },
      "geometry": {
        "type": "Polygon",
        "coordinates": [
          [
            [175.85611, -42.19528],
            [178.53, -40.0],
            [177.75, -39.14972],
            [177.43, -38.92],
            [176.78972, -38.89972],
            [176.68, -38.92],
            [176.58, -38.93972],
            [176.49, -38.97972],
            [176.4, -39.03],
            [176.31972, -39.09],
            [175.87, -38.92972],
            [175.37, -38.92972],
            [175.31, -38.92],
            [174.90972, -39.21972],
            [174.90972, -39.68972],
            [174.83, -39.74],
            [174.75972, -39.78972],
            [174.87, -40.63],
            [174.99, -40.63],
            [175.27, -40.71],
            [175.31, -41.17972],
            [175.25972, -41.28],
            [175.21, -41.42],
            [175.13972, -41.54972],
            [175.22972, -41.6],
            [175.28972, -41.81],
            [175.85611, -42.19528]
         ]
       ]
      }
    },
    {
      "type": "Feature",
      "properties": {
        "name": "Canterbury Sector",
        "short": "NZZC_K_CTR",
        "type": "CTR",
        "level": "Lower",
        "fir": "NZZC",
        "logon": "NZZC_K_CTR",
        "frequency": "129.400",
        "rating": "AS3+ / ADC",
        "cpdlc": "NZZK",
        "lower": "9500ft",
        "upper": "FL245"
      },
      "geometry": {
        "type": "Polygon",
        "coordinates": [
          [
[173.13240, -44.40508],
[175.85611, -42.19528],
[175.28972, -41.81000],
[175.22972, -41.60000],
[175.15000, -41.65972],
[175.06000, -41.71000],
[174.94972, -41.74000],
[174.84000, -41.75000],
[174.72972, -41.74000],
[174.56972, -42.06000],
[174.46972, -42.03972],
[174.36000, -42.00000],
[174.27000, -41.96000],
[174.18000, -41.90972],
[174.09972, -41.85000],
[174.02000, -41.78972],
[173.93972, -41.70000],
[173.81000, -41.70000],
[173.81000, -41.60972],
[173.21972, -41.63000],
[173.21972, -41.75972],
[173.09972, -41.75972],
[173.00000, -41.72972],
[172.90000, -41.70000],
[172.84000, -41.67000],
[172.62972, -41.60972],
[171.99000, -42.29972],
[171.40000, -42.90972],
[171.34000, -42.97972],
[171.28000, -43.04972],
[171.24000, -43.11972],
[171.19972, -43.20000],
[171.16972, -43.28972],
[171.15000, -43.36972],
[171.13972, -43.45000],
[171.13972, -43.50000],
[171.59972, -43.53000],
[171.61000, -43.61972],
[171.63972, -43.70000],
[171.68000, -43.78000],
[171.72972, -43.85000],
[171.80000, -43.92000],
[171.87000, -43.97972],
[171.96000, -44.03000],
[172.06000, -44.07972],
[172.15972, -44.11972],
[172.27000, -44.14000],
[172.37972, -44.15972],
[172.50000, -44.17000],
[172.61000, -44.15972],
[172.71000, -44.14972],
[173.13240, -44.40508]
         ]
       ]
      }
    },
    {
      "type": "Feature",
      "properties": {
        "name": "East Cape Sector",
        "short": "NZZC_B_CTR",
        "type": "CTR",
        "level": "Lower",
        "fir": "NZZC",
        "logon": "NZZC_B_CTR",
        "frequency": "119.500",
        "rating": "AS3+ / ADC",
        "cpdlc": "NZZB",
        "lower": "9500ft",
        "upper": "FL245"
      },
      "geometry": {
        "type": "Polygon",
        "coordinates": [
          [
[178.53000, -40.00000],
[180.26667, -38.45000],
[178.93581, -37.54153],
[176.87972, -37.17000],
[175.75000, -36.96972],
[175.74000, -37.06000],
[175.72972, -37.13000],
[175.71000, -37.21972],
[175.68972, -37.25000],
[175.36000, -37.47972],
[175.75972, -37.92972],
[175.57363, -38.92972],
[175.87000, -38.92972],
[176.31972, -39.09000],
[176.40000, -39.03000],
[176.49000, -38.97972],
[176.58000, -38.93972],
[176.68000, -38.92000],
[176.78972, -38.89972],
[177.43000, -38.92000],
[177.75000, -39.14972],
[178.53000, -40.00000]
         ]
       ]
      }
    },
    {
      "type": "Feature",
      "properties": {
        "name": "Auckland Oceanic Sector",
        "short": "NZZO_CTR",
        "type": "OCEANIC",
        "level": "Upper",
        "fir": "NZZO",
        "logon": "NZZO_CTR",
        "frequency": "123.900",
        "rating": "APC",
        "cpdlc": "NZZO",
        "lower": "FL245",
        "upper": "FL600"
      },
      "geometry": {
        "type": "Polygon",
        "coordinates": [
          [
    [163, -30],
    [168, -28],
    [171.416667, -25],
    [180, -25],
    [189, -5],
    [203, -5],
    [203, -30],
    [229, -30],
    [229, -60],
    [163, -60]
         ]
       ]
      }
    },
    {
      "type": "Feature",
      "properties": {
        "name": "Melbourne Oceanic Sector",
        "short": "YMMO_CTR",
        "type": "OCEANIC",
        "level": "Upper",
        "fir": "YMMO",
        "logon": "YMMO_CTR",
        "frequency": "Primary 129.000 Secondary 120.100",
        "rating": "APC",
        "cpdlc": "YMMO",
        "lower": "FL245",
        "upper": "FL660"
      },
      "geometry": {
        "type": "Polygon",
        "coordinates": [
          [
            [75.00000, -70.00000],
            [163.00000, -70.00000],
            [163.00000, -45.00000],
            [150.00000, -45.00000],
            [150.00000, -44.56583],
            [150.66472, -43.85083],
            [151.00000, -43.00000],
            [150.32056, -38.18861],
            [150.75083, -36.94528],
            [150.75083, -36.94528],
            [150.85719, -36.93556],
            [150.96293, -36.92225],
            [151.06781, -36.90522],
            [151.17164, -36.88450],
            [151.27420, -36.86014],
            [151.37529, -36.83218],
            [151.47472, -36.80067],
            [151.57229, -36.76569],
            [151.66781, -36.72730],
            [151.76110, -36.68557],
            [151.85198, -36.64059],
            [151.94027, -36.59244],
            [152.02580, -36.54122],
            [152.10842, -36.48703],
            [152.18797, -36.42998],
            [152.26430, -36.37018],
            [152.33727, -36.30773],
            [152.40675, -36.24277],
            [152.47261, -36.17543],
            [152.53474, -36.10582],
            [152.59302, -36.03408],
            [152.64736, -35.96035],
            [152.69766, -35.88478],
            [152.74384, -35.80722],
            [152.78582, -35.72866],
            [152.82354, -35.64842],
            [152.85694, -35.56692],
            [152.88596, -35.48431],
            [152.91057, -35.40076],
            [152.93056, -35.31639],
            [152.93056, -35.31639],
            [151.82472, -34.47278],
            [151.82472, -34.47278],
            [151.85173, -34.44902],
            [151.87747, -34.42433],
            [151.90187, -34.39872],
            [151.92490, -34.37226],
            [151.94651, -34.34499],
            [151.96665, -34.31696],
            [151.98529, -34.28823],
            [152.00240, -34.25886],
            [152.01795, -34.22889],
            [152.03191, -34.19839],
            [152.04424, -34.16741],
            [152.05494, -34.13602],
            [152.06399, -34.10426],
            [152.07136, -34.07221],
            [152.07704, -34.03993],
            [152.08104, -34.00747],
            [152.08333, -33.97489],
            [152.08393, -33.94226],
            [152.08282, -33.90964],
            [152.08002, -33.87709],
            [152.07553, -33.84468],
            [152.06935, -33.81245],
            [152.06152, -33.78048],
            [152.05203, -33.74883],
            [152.04092, -33.71754],
            [152.02820, -33.68669],
            [152.01390, -33.65632],
            [151.99805, -33.62651],
            [151.98067, -33.59729],
            [151.96181, -33.56873],
            [151.94149, -33.54088],
            [151.91977, -33.51379],
            [151.89667, -33.48751],
            [151.87225, -33.46209],
            [151.84655, -33.43758],
            [151.81961, -33.41402],
            [151.79150, -33.39146],
            [151.76226, -33.36993],
            [151.73195, -33.34949],
            [151.70062, -33.33016],
            [151.66834, -33.31198],
            [151.63516, -33.29499],
            [151.60114, -33.27921],
            [151.56635, -33.26468],
            [151.53086, -33.25142],
            [151.49472, -33.23946],
            [151.45801, -33.22882],
            [151.42079, -33.21952],
            [151.38313, -33.21157],
            [151.34511, -33.20499],
            [151.30678, -33.19980],
            [151.26823, -33.19599],
            [151.22951, -33.19359],
            [151.19072, -33.19259],
            [151.15190, -33.19300],
            [151.11315, -33.19480],
            [151.07452, -33.19802],
            [151.03608, -33.20262],
            [150.99792, -33.20862],
            [150.96010, -33.21598],
            [150.92269, -33.22472],
            [150.88575, -33.23479],
            [150.84936, -33.24620],
            [150.81359, -33.25891],
            [150.77849, -33.27291],
            [150.74414, -33.28816],
            [150.71060, -33.30464],
            [150.67793, -33.32232],
            [150.64619, -33.34117],
            [150.61544, -33.36114],
            [150.58574, -33.38222],
            [150.55714, -33.40434],
            [150.52972, -33.42750],
            [150.52972, -33.42750],
            [148.83083, -32.09444],
            [146.53333, -29.00000],
            [143.50000, -29.00000],
            [138.38972, -26.22028],
            [136.63528, -22.29722],
            [136.37361, -21.85639],
            [136.32889, -21.49972],
            [131.84000, -21.17472],
            [128.46361, -23.22639],
            [126.05889, -23.39694],
            [124.55111, -21.52194],
            [121.67278, -20.05472],
            [120.25000, -19.00000],
            [115.14222, -14.13694],
            [114.50000, -12.00000],
            [107.00000, -12.00000],
            [92.00000, -20.00000],
            [78.00000, -20.00000],
            [75.00000, -60.00000],
            [75.00000, -60.00000],
            [75.00000, -60.00000],
            [75.00000, -70.00000]
         ]
       ]
      }
    }
  ]
}